zipcode_5,CAND_PARTY,donations_sum,donations_median,donations_count
60002,DEM,10779.0,27.0,163
60002,REP,11510.0,25.0,181
60004,DEM,104788.0,30.0,1079
60004,REP,67493.0,100.0,421
60004,UNK,1000.0,500.0,2
60005,DEM,71572.0,15.0,690
60005,IND,500.0,500.0,1
60005,REP,20267.0,100.0,135
60005,UNK,500.0,500.0,1
60007,DEM,35697.0,25.0,496
60007,REP,9411.0,100.0,54
60008,DEM,10579.0,25.0,323
60008,REP,8365.0,50.0,36
60009,DEM,122.0,12.0,8
60010,DEM,363161.0,50.0,1235
60010,IND,150.0,150.0,1
60010,REP,767854.0,250.0,883
60010,UNK,2000.0,2000.0,1
60011,DEM,1333.0,50.0,12
60011,REP,1000.0,1000.0,1
60012,DEM,11639.0,25.0,168
60012,REP,6972.0,100.0,30
60013,DEM,16670.0,19.0,329
60013,REP,40675.0,87.5,52
60014,DEM,37911.0,25.0,734
60014,REP,25795.0,75.0,123
60015,DEM,478575.0,75.0,1685
60015,DFL,2000.0,1000.0,2
60015,OTH,2500.0,1250.0,2
60015,REP,246749.0,250.0,407
60015,UNK,3350.0,400.0,3
60016,DEM,41090.0,25.0,630
60016,REP,28084.0,50.0,93
60016,UNK,1000.0,500.0,2
60018,DEM,33644.0,22.0,238
60018,DFL,900.0,250.0,3
60018,IND,1500.0,750.0,2
60018,REP,119075.0,100.0,106
60020,DEM,10222.0,36.0,124
60020,REP,1085.0,35.0,24
60021,DEM,1748.0,50.0,38
60021,REP,2470.0,50.0,24
60022,DEM,589269.0,250.0,1076
60022,DFL,2000.0,1000.0,2
60022,IND,150.0,150.0,1
60022,REP,574405.0,725.0,530
60022,UNK,19000.0,2600.0,10
60025,DEM,202339.0,25.0,1354
60025,REP,230901.0,100.0,440
60026,DEM,107183.0,50.0,781
60026,IND,150.0,150.0,1
60026,REP,119980.0,250.0,216
60029,DEM,8030.0,25.0,51
60029,REP,12236.0,201.0,36
60030,DEM,57429.0,27.0,592
60030,REP,17917.0,70.0,98
60031,DEM,33529.0,25.0,526
60031,REP,27632.0,50.0,127
60031,UNK,1000.0,500.0,2
60033,DEM,7431.0,25.0,147
60033,REP,3050.0,250.0,13
60034,DEM,750.0,100.0,8
60035,DEM,1670439.0,75.0,4905
60035,DFL,12050.0,2700.0,6
60035,IND,300.0,300.0,1
60035,REP,647261.0,500.0,731
60035,UNK,5500.0,1500.0,5
60038,REP,250.0,250.0,1
60039,DEM,56.0,10.0,5
60039,REP,437.0,25.0,5
60040,DEM,16541.0,36.0,142
60040,REP,7950.0,100.0,25
60041,DEM,5933.0,19.0,90
60041,REP,350.0,175.0,2
60042,DEM,3924.0,15.0,56
60042,REP,100.0,25.0,4
60043,DEM,118869.0,500.0,146
60043,REP,202471.0,500.0,248
60044,DEM,52751.0,50.0,266
60044,REP,142987.0,100.0,304
60045,DEM,526874.0,200.0,789
60045,DFL,1000.0,1000.0,1
60045,REP,1680704.0,500.0,1320
60045,UNK,5400.0,2700.0,2
60046,DEM,26442.0,27.0,426
60046,REP,17120.0,50.0,84
60046,UNK,500.0,500.0,1
60047,DEM,150769.0,50.0,582
60047,REP,108846.0,200.0,231
60048,DEM,72081.0,40.0,648
60048,REP,171540.0,100.0,339
60048,UNK,1000.0,1000.0,1
60050,DEM,10693.0,25.0,282
60050,REP,10045.0,75.0,57
60051,DEM,4957.0,25.0,137
60051,REP,5413.0,100.0,37
60053,DEM,33564.0,21.5,338
60053,REP,54475.0,50.0,48
60056,DEM,33712.0,15.0,721
60056,REP,33253.0,100.0,126
60058,REP,2000.0,2000.0,1
60060,DEM,52843.0,25.0,551
60060,REP,183045.0,500.0,95
60060,UNK,5400.0,2700.0,2
60061,DEM,43373.0,25.0,437
60061,REP,18049.0,200.0,60
60062,DEM,445512.0,50.0,1889
60062,IND,1250.0,500.0,3
60062,REP,614469.0,250.0,729
60064,DEM,469.0,14.0,24
60064,REP,4850.0,300.0,7
60065,REP,21450.0,2700.0,11
60066,DEM,10.0,10.0,1
60067,DEM,74879.0,25.0,710
60067,REP,277399.0,100.0,305
60068,DEM,168868.0,25.0,1347
60068,GRE,110.0,55.0,2
60068,IND,100.0,100.0,1
60068,REP,60563.0,100.0,165
60068,UNK,250.0,250.0,1
60069,DEM,71115.0,36.0,383
60069,REP,42796.0,188.0,120
60069,UNK,1000.0,1000.0,1
60070,DEM,11783.0,36.0,184
60070,REP,38517.0,250.0,80
60070,UNK,1000.0,1000.0,1
60071,DEM,2687.0,20.0,20
60071,REP,4754.0,100.0,17
60072,DEM,855.0,50.0,20
60072,REP,550.0,25.0,3
60073,DEM,5702.0,15.0,172
60073,REP,9795.0,30.0,57
60074,DEM,34121.0,50.0,246
60074,IND,275.0,137.5,2
60074,REP,17627.0,100.0,94
60075,DEM,250.0,100.0,3
60076,DEM,88168.0,27.0,914
60076,REP,20222.0,250.0,70
60076,UNK,1500.0,1500.0,1
60077,DEM,75951.0,27.0,554
60077,REP,101172.0,50.0,218
60078,DEM,100.0,100.0,1
60078,REP,2500.0,2500.0,1
60079,DEM,50.0,50.0,1
60081,DEM,2573.0,25.0,52
60081,REP,8760.0,50.0,33
60082,DEM,150.0,150.0,1
60082,REP,875.0,132.5,6
60083,DEM,6497.0,27.0,84
60083,REP,14434.0,50.0,80
60084,DEM,15979.0,50.0,107
60084,REP,10339.0,91.5,44
60084,UNK,500.0,500.0,1
60085,DEM,27565.0,25.0,316
60085,REP,34981.0,100.0,96
60087,DEM,13990.0,25.0,204
60087,REP,3985.0,25.0,88
60088,DEM,120.0,10.0,3
60089,DEM,89067.0,50.0,610
60089,REP,114844.0,100.0,212
60089,UNK,1500.0,1500.0,1
60090,DEM,19216.0,18.5,168
60090,REP,3232.0,50.0,37
60091,DEM,807411.0,50.0,3066
60091,OTH,500.0,500.0,1
60091,REP,555243.0,250.0,596
60091,UNK,5700.0,1000.0,4
60093,DEM,1184512.0,100.0,2148
60093,IND,1500.0,250.0,3
60093,OTH,250.0,250.0,1
60093,REP,1744122.0,500.0,1465
60093,UNK,3250.0,250.0,5
60096,DEM,2387.0,50.0,20
60096,REP,3355.0,100.0,40
60097,DEM,5052.0,15.0,56
60097,REP,800.0,125.0,4
60098,DEM,37360.0,25.0,390
60098,IND,300.0,300.0,1
60098,REP,14728.0,50.0,87
60099,DEM,9515.0,25.0,109
60099,REP,8243.0,25.0,52
60101,DEM,25555.0,25.0,147
60101,REP,12171.0,75.0,32
60102,DEM,26341.0,10.0,582
60102,REP,17640.0,100.0,36
60103,DEM,76237.0,30.0,292
60103,REP,13375.0,50.0,67
60104,DEM,1329.0,100.0,15
60106,DEM,8647.0,27.0,104
60106,REP,6816.0,250.0,13
60107,DEM,35742.0,25.0,280
60107,REP,8880.0,150.0,9
60108,DEM,61399.0,50.0,280
60108,REP,20615.0,100.0,52
60109,REP,1000.0,1000.0,1
60110,DEM,9389.0,19.0,162
60110,REP,1594.0,35.0,33
60111,DEM,308.0,154.0,2
60112,DEM,814.0,22.5,34
60112,REP,200.0,50.0,4
60113,REP,50.0,50.0,1
60115,DEM,48147.0,25.0,896
60115,REP,16193.0,100.0,73
60118,DEM,10543.0,50.0,128
60118,REP,8693.0,50.0,69
60119,DEM,10133.0,27.0,115
60119,REP,6979.0,50.0,32
60120,DEM,33218.0,33.0,505
60120,IND,250.0,250.0,1
60120,REP,37380.0,100.0,57
60121,DEM,300.0,100.0,3
60121,REP,8600.0,250.0,15
60123,DEM,32619.0,25.0,387
60123,REP,23259.0,50.0,90
60124,DEM,27716.0,38.0,303
60124,REP,7535.0,100.0,49
60126,DEM,104057.0,25.0,1116
60126,IND,50.0,25.0,2
60126,REP,310732.0,100.0,350
60126,UNK,2000.0,1000.0,2
60130,DEM,37526.0,25.0,735
60130,REP,1595.0,25.0,10
60131,DEM,7645.0,25.0,118
60131,REP,1500.0,200.0,9
60133,DEM,5181.0,20.0,139
60133,REP,1070.0,5.0,60
60134,DEM,69033.0,36.0,896
60134,REP,113589.0,100.0,237
60134,UNK,500.0,500.0,1
60135,DEM,6787.0,37.0,85
60135,REP,100.0,100.0,1
60136,DEM,1541.0,35.0,42
60137,DEM,136342.0,40.0,892
60137,IND,500.0,500.0,1
60137,REP,168149.0,150.0,317
60137,UNK,500.0,500.0,1
60139,DEM,12123.0,25.0,112
60139,REP,540.0,32.5,12
60140,DEM,2732.0,19.0,82
60140,REP,8000.0,100.0,16
60141,DEM,650.0,250.0,3
60142,DEM,20231.0,38.0,269
60142,REP,14068.0,25.0,163
60143,DEM,13137.0,25.0,103
60143,REP,23048.0,100.0,77
60145,DEM,655.0,25.0,16
60145,REP,1200.0,1200.0,1
60146,REP,3900.0,500.0,12
60147,DEM,411.0,25.0,16
60147,REP,925.0,100.0,6
60148,DEM,44831.0,25.0,622
60148,GRE,500.0,500.0,1
60148,REP,43629.0,100.0,207
60148,UNK,500.0,500.0,1
60150,DEM,1173.0,24.0,28
60151,DEM,1373.0,25.0,37
60151,REP,1245.0,100.0,17
60152,DEM,15785.0,37.0,90
60152,REP,5078.0,75.0,43
60153,DEM,6826.0,19.0,30
60153,REP,100.0,50.0,2
60154,DEM,17718.0,25.0,232
60154,REP,7040.0,50.0,139
60155,DEM,248.0,22.0,10
60155,REP,1000.0,1000.0,1
60156,DEM,16622.0,25.0,159
60156,REP,4805.0,65.0,37
60157,DEM,112.0,10.0,7
60157,REP,1000.0,1000.0,1
60160,DEM,24290.0,20.0,110
60160,REP,2020.0,50.0,13
60161,REP,50.0,50.0,1
60162,DEM,3769.0,25.0,30
60162,REP,6550.0,250.0,10
60163,DEM,1083.0,50.0,3
60163,REP,250.0,100.0,3
60164,DEM,2597.0,15.0,76
60164,REP,450.0,50.0,11
60169,DEM,34186.0,35.0,204
60169,IND,250.0,250.0,1
60169,REP,2343.0,80.0,18
60171,DEM,3712.0,20.0,81
60171,REP,3300.0,50.0,28
60172,DEM,13585.0,25.0,255
60172,REP,3135.0,50.0,21
60173,DEM,57210.0,35.0,286
60173,REP,16707.0,400.0,28
60174,DEM,82731.0,27.0,724
60174,REP,227267.0,100.0,276
60174,UNK,2400.0,1000.0,3
60175,DEM,49061.0,50.0,261
60175,DFL,250.0,250.0,1
60175,REP,69102.0,100.0,215
60175,UNK,1000.0,1000.0,1
60176,DEM,2425.0,11.0,62
60176,REP,800.0,25.0,13
60176,UNK,2700.0,1350.0,2
60177,DEM,9152.0,15.0,149
60177,REP,4533.0,50.0,26
60178,DEM,14178.0,30.0,238
60178,REP,7749.0,100.0,49
60180,DEM,250.0,125.0,2
60181,DEM,46166.0,27.0,412
60181,DFL,385.0,385.0,1
60181,REP,61042.0,100.0,66
60184,DEM,9808.0,250.0,24
60184,REP,17619.0,57.0,70
60185,DEM,29123.0,27.0,206
60185,REP,40230.0,52.5,96
60186,REP,900.0,900.0,1
60187,DEM,56960.0,25.0,658
60187,REP,174025.0,250.0,329
60188,DEM,22946.0,20.0,373
60188,REP,55405.0,100.0,121
60189,DEM,92849.0,30.0,633
60189,REP,136195.0,200.0,295
60189,UNK,500.0,500.0,1
60190,DEM,7764.0,15.0,182
60190,REP,12706.0,65.0,77
60191,DEM,8365.0,25.0,119
60191,REP,44657.0,100.0,63
60192,DEM,47023.0,50.0,285
60192,REP,6120.0,50.0,51
60193,DEM,77520.0,23.0,688
60193,IND,42.0,10.0,5
60193,REP,15200.0,50.0,59
60194,DEM,20431.0,30.0,119
60194,REP,3067.0,100.0,17
60195,DEM,6455.0,200.0,23
60195,REP,492.0,25.0,10
60195,UNK,500.0,500.0,1
60196,DEM,325.0,100.0,5
60196,REP,1250.0,625.0,2
60201,DEM,1000943.0,38.0,5078
60201,DFL,775.0,25.0,8
60201,IND,150.0,75.0,2
60201,REP,148132.0,250.0,252
60202,DEM,409941.0,38.0,2850
60202,IND,975.0,175.0,6
60202,OTH,500.0,500.0,1
60202,REP,26092.0,70.0,141
60203,DEM,87711.0,75.0,357
60203,LIB,800.0,100.0,8
60203,REP,18099.0,225.0,72
60204,DEM,2534.0,25.0,35
60204,REP,550.0,50.0,12
60208,DEM,3525.0,25.0,29
60301,DEM,22504.0,25.0,294
60301,REP,250.0,250.0,1
60302,DEM,522864.0,38.0,3559
60302,DFL,150.0,150.0,1
60302,IND,820.0,50.0,5
60302,OTH,11300.0,2700.0,5
60302,REP,39531.0,100.0,173
60303,DEM,500.0,250.0,2
60304,DEM,108541.0,25.0,1363
60304,REP,7040.0,100.0,19
60305,DEM,281560.0,50.0,799
60305,OTH,250.0,250.0,1
60305,REP,51418.0,250.0,92
60401,DEM,761.0,25.0,15
60401,REP,640.0,35.0,15
60402,DEM,39609.0,15.0,712
60402,IND,200.0,200.0,1
60402,REP,2968.0,30.0,68
60403,DEM,3511.0,15.0,53
60403,REP,1300.0,100.0,10
60404,DEM,7700.0,25.0,199
60404,REP,10973.0,50.0,59
60406,DEM,3737.0,5.0,167
60406,REP,750.0,225.0,4
60406,UNK,400.0,400.0,1
60408,DEM,569.0,26.5,18
60409,DEM,6600.0,27.0,119
60409,REP,385.0,85.0,5
60410,DEM,2675.0,27.0,54
60410,REP,5202.0,36.0,25
60411,DEM,20253.0,25.0,378
60411,REP,1800.0,150.0,8
60412,DEM,100.0,100.0,1
60415,DEM,570.0,15.0,25
60415,REP,1000.0,1000.0,1
60416,DEM,654.0,11.0,18
60416,REP,971.0,25.0,25
60417,DEM,14766.0,50.0,242
60417,REP,5440.0,150.0,23
60417,UNK,500.0,500.0,1
60419,DEM,830.0,35.0,21
60420,DEM,1239.0,25.0,41
60420,REP,907.0,25.0,16
60421,DEM,240.0,35.0,5
60421,REP,3050.0,375.0,6
60422,DEM,91463.0,100.0,347
60422,REP,4778.0,50.0,43
60423,DEM,54634.0,27.0,334
60423,DFL,1005.0,500.0,3
60423,REP,20252.0,50.0,138
60424,REP,3700.0,1850.0,2
60425,DEM,959.0,38.0,19
60425,REP,50.0,50.0,1
60426,DEM,1027.0,20.0,15
60428,DEM,1010.0,50.0,15
60428,REP,1400.0,75.0,20
60429,DEM,13735.0,25.0,106
60430,DEM,52172.0,25.0,369
60430,REP,3625.0,25.0,45
60430,UNK,500.0,500.0,1
60431,DEM,8463.0,17.5,162
60431,REP,5630.0,100.0,26
60432,DEM,6161.0,50.0,34
60432,REP,2400.0,50.0,34
60433,DEM,650.0,150.0,4
60433,REP,1631.0,50.0,13
60435,DEM,30696.0,35.0,294
60435,REP,9160.0,100.0,50
60436,DEM,2776.0,22.5,64
60436,REP,1140.0,20.0,14
60438,DEM,14464.0,25.0,133
60438,REP,1817.0,25.0,43
60439,DEM,23051.0,50.0,150
60439,REP,30435.0,100.0,83
60440,DEM,36568.0,15.0,480
60440,REP,66039.0,50.0,74
60441,DEM,4462.0,19.0,147
60441,REP,1862.0,50.0,27
60442,DEM,3064.0,25.0,59
60442,REP,8070.0,25.0,56
60443,DEM,33968.0,25.0,176
60443,REP,8220.0,100.0,28
60444,DEM,437.0,100.0,5
60444,REP,1800.0,250.0,7
60445,DEM,22457.0,25.0,189
60445,REP,3615.0,50.0,25
60446,DEM,7035.0,15.0,187
60446,REP,4820.0,10.0,68
60447,DEM,3472.0,50.0,63
60447,REP,10954.0,100.0,37
60448,DEM,12926.0,27.0,192
60448,REP,16521.0,100.0,62
60449,DEM,2963.0,68.0,27
60449,REP,1225.0,50.0,22
60450,DEM,5501.0,50.0,60
60450,REP,18524.0,35.0,138
60451,DEM,21706.0,25.0,460
60451,REP,15447.0,50.0,99
60452,DEM,10431.0,50.0,85
60452,REP,5478.0,13.0,139
60453,DEM,29686.0,25.0,367
60453,REP,10000.0,55.0,57
60455,DEM,5310.0,8.0,74
60455,UNK,1000.0,1000.0,1
60456,DEM,413.0,10.0,29
60456,REP,218.0,50.0,5
60457,DEM,3031.0,25.0,98
60457,REP,4961.0,100.0,13
60458,DEM,934.0,50.0,19
60458,REP,50.0,50.0,1
60459,DEM,5032.0,9.0,84
60459,REP,610.0,25.0,12
60461,DEM,40877.0,25.0,296
60461,REP,4160.0,250.0,15
60462,DEM,52552.0,25.0,479
60462,REP,35620.0,200.0,97
60463,DEM,13049.0,50.0,118
60463,REP,33384.0,100.0,133
60464,DEM,32882.0,50.0,184
60464,REP,14750.0,250.0,44
60465,DEM,15490.0,25.0,133
60465,REP,3213.0,100.0,29
60466,DEM,22957.0,50.0,347
60466,IND,100.0,100.0,1
60466,REP,1074.0,57.0,14
60467,DEM,53446.0,25.0,371
60467,REP,60253.0,56.0,125
60468,DEM,620.0,10.0,36
60468,REP,7679.0,50.0,74
60471,DEM,12190.0,250.0,27
60471,REP,150.0,75.0,2
60472,DEM,25.0,25.0,1
60473,DEM,12046.0,25.0,105
60473,REP,4151.0,50.0,53
60475,DEM,452.0,30.0,12
60475,IND,250.0,125.0,2
60477,DEM,17462.0,15.0,207
60477,IND,150.0,75.0,2
60477,REP,8082.0,25.0,162
60478,DEM,2978.0,25.0,87
60479,REP,802.0,112.5,6
60480,DEM,14828.0,50.0,86
60480,REP,11708.0,100.0,22
60481,DEM,6000.0,10.0,127
60481,REP,230585.0,2700.0,104
60482,DEM,1298.0,20.0,35
60482,REP,201.0,100.0,3
60484,DEM,1832.0,38.0,41
60487,DEM,12044.0,25.0,140
60487,REP,9185.0,50.0,24
60490,DEM,35406.0,50.0,153
60490,REP,5153.0,100.0,22
60491,DEM,10349.0,10.0,283
60491,REP,20890.0,100.0,61
60501,DEM,600.0,12.5,14
60501,REP,150.0,50.0,3
60502,DEM,28705.0,25.0,403
60502,REP,43220.0,250.0,68
60503,DEM,3437.0,25.0,53
60503,REP,895.0,50.0,13
60504,DEM,29801.0,25.0,355
60504,REP,10961.0,100.0,26
60504,UNK,500.0,250.0,2
60505,DEM,21184.0,25.0,295
60505,REP,46126.0,1000.0,33
60505,UNK,500.0,500.0,1
60506,DEM,31425.0,27.0,472
60506,REP,13674.0,50.0,87
60507,DEM,620.0,620.0,1
60507,REP,14000.0,1000.0,8
60510,DEM,31306.0,50.0,225
60510,REP,33403.0,100.0,103
60511,DEM,16200.0,2700.0,5
60511,REP,4756.0,50.0,18
60512,DEM,1683.0,100.0,23
60512,REP,150.0,37.5,4
60513,DEM,14925.0,25.0,276
60513,REP,1019.0,64.5,16
60514,DEM,20158.0,25.0,127
60514,REP,44280.0,250.0,83
60514,UNK,1000.0,1000.0,1
60515,DEM,93042.0,25.0,1019
60515,REP,51258.0,200.0,163
60516,DEM,44205.0,25.0,781
60516,IND,30.0,30.0,1
60516,REP,24744.0,100.0,135
60516,UNK,250.0,250.0,1
60517,DEM,22366.0,30.0,262
60517,REP,47725.0,200.0,51
60518,DEM,809.0,50.0,19
60518,REP,270.0,70.0,4
60520,REP,2740.0,225.0,12
60521,DEM,273994.0,80.0,755
60521,REP,574255.0,500.0,467
60522,DEM,20404.0,100.0,36
60522,REP,250.0,250.0,1
60523,DEM,157796.0,100.0,419
60523,OTH,5400.0,2700.0,2
60523,REP,231302.0,250.0,345
60523,UNK,1500.0,750.0,2
60525,DEM,133631.0,27.0,813
60525,IND,170.0,170.0,1
60525,REP,71726.0,250.0,135
60525,UNK,250.0,250.0,1
60526,DEM,27022.0,38.0,131
60526,REP,8910.0,50.0,47
60527,DEM,296093.0,30.0,903
60527,DFL,250.0,250.0,1
60527,REP,144503.0,200.0,303
60527,UNK,3300.0,1500.0,3
60530,REP,650.0,250.0,3
60531,DEM,850.0,100.0,7
60531,REP,75.0,75.0,1
60532,DEM,58646.0,25.0,628
60532,REP,22250.0,150.0,94
60532,UNK,250.0,250.0,1
60534,DEM,1018.0,50.0,18
60537,DEM,270.0,135.0,2
60538,DEM,7321.0,15.0,190
60538,REP,1085.0,50.0,19
60539,DEM,220.0,35.0,7
60540,DEM,191103.0,27.0,1157
60540,REP,102783.0,100.0,290
60540,UNK,500.0,500.0,1
60541,DEM,175.0,35.0,5
60541,REP,160.0,42.5,4
60542,DEM,22051.0,25.0,135
60542,REP,8056.0,25.0,121
60543,DEM,15934.0,25.0,510
60543,REP,6671.0,80.0,54
60544,DEM,4950.0,25.0,112
60544,REP,29780.0,250.0,63
60544,UNK,250.0,250.0,1
60545,DEM,1211.0,15.0,36
60545,REP,8339.0,35.0,50
60546,DEM,36294.0,30.0,358
60546,REP,19333.0,100.0,65
60548,DEM,4783.0,50.0,37
60548,REP,1686.0,35.0,31
60550,DEM,260.0,26.0,10
60550,REP,300.0,150.0,2
60551,DEM,566.0,38.0,10
60551,REP,460.0,30.0,14
60552,DEM,1413.0,25.0,37
60552,REP,1065.0,25.0,19
60553,DEM,319.0,27.0,4
60554,DEM,14505.0,25.0,207
60554,REP,61895.0,59.0,154
60554,UNK,500.0,500.0,1
60555,DEM,30711.0,25.0,247
60555,REP,20038.0,100.0,92
60556,REP,1900.0,300.0,5
60558,DEM,89952.0,35.0,380
60558,LIB,400.0,100.0,4
60558,REP,77713.0,250.0,158
60558,UNK,500.0,500.0,1
60559,DEM,19832.0,25.0,208
60559,REP,17710.0,50.0,54
60560,DEM,15800.0,30.0,178
60560,REP,6183.0,50.0,39
60561,DEM,60835.0,27.0,335
60561,IND,500.0,500.0,1
60561,REP,22815.0,50.0,80
60563,DEM,61309.0,25.0,652
60563,REP,59130.0,50.0,172
60563,UNK,250.0,250.0,1
60564,DEM,105022.0,27.0,799
60564,IND,750.0,375.0,2
60564,REP,25515.0,50.0,133
60565,DEM,104435.0,27.0,1031
60565,IND,800.0,800.0,1
60565,REP,36685.0,100.0,150
60565,UNK,750.0,375.0,2
60566,REP,14500.0,2700.0,6
60567,DEM,2700.0,2700.0,1
60567,REP,365.0,57.5,6
60569,UNK,500.0,500.0,1
60585,DEM,17853.0,38.0,253
60585,REP,2968.0,50.0,19
60586,DEM,8809.0,25.0,202
60586,REP,3027.0,50.0,48
60601,DEM,739264.0,100.0,1360
60601,DFL,2000.0,1000.0,2
60601,IND,250.0,250.0,1
60601,OTH,3950.0,600.0,6
60601,REP,384836.0,1000.0,238
60601,UNK,5650.0,2700.0,3
60602,DEM,658129.0,250.0,724
60602,DFL,250.0,250.0,1
60602,IND,2175.0,250.0,3
60602,REP,124675.0,1000.0,91
60602,UNK,250.0,250.0,1
60603,DEM,175735.0,100.0,373
60603,DFL,500.0,500.0,1
60603,IND,250.0,250.0,1
60603,REP,593952.0,2700.0,160
60603,UNK,3700.0,375.0,4
60604,DEM,94564.0,250.0,146
60604,IND,2600.0,675.0,4
60604,REP,57582.0,500.0,51
60605,DEM,468727.0,38.0,2218
60605,DFL,1400.0,400.0,3
60605,REP,108611.0,250.0,158
60605,UNK,3500.0,1000.0,3
60606,DEM,525533.0,250.0,668
60606,DFL,2700.0,1350.0,2
60606,IND,250.0,250.0,1
60606,REP,920445.0,2500.0,398
60606,UNK,4200.0,1000.0,3
60607,DEM,240292.0,50.0,1122
60607,DFL,250.0,250.0,1
60607,OTH,500.0,250.0,2
60607,REP,148720.0,250.0,89
60607,UNK,3000.0,500.0,5
60608,DEM,81313.0,27.0,713
60608,REP,19770.0,150.0,33
60609,DEM,35441.0,50.0,205
60609,REP,1430.0,45.0,12
60610,DEM,1052857.0,50.0,3155
60610,DFL,2250.0,1000.0,3
60610,OTH,1000.0,500.0,2
60610,REP,859279.0,500.0,627
60610,UNK,7700.0,1000.0,5
60611,DEM,1827187.0,100.0,4066
60611,DFL,3700.0,375.0,4
60611,IND,5400.0,250.0,7
60611,OTH,8573.0,1466.0,6
60611,REP,2120488.0,1000.0,1176
60611,UNK,6450.0,1000.0,5
60612,DEM,54349.0,25.0,553
60612,IND,300.0,300.0,1
60612,REP,1060.0,145.0,6
60613,DEM,404105.0,30.0,2980
60613,IND,250.0,250.0,1
60613,REP,69910.0,250.0,90
60613,UNK,3200.0,1600.0,2
60614,DEM,2213419.0,100.0,5381
60614,DFL,8150.0,500.0,8
60614,IND,11988.0,500.0,13
60614,REP,871329.0,775.0,654
60614,UNK,2500.0,500.0,4
60615,DEM,382334.0,50.0,2358
60615,IND,100.0,100.0,1
60615,REP,10750.0,500.0,17
60616,DEM,197279.0,38.0,876
60616,REP,46520.0,425.0,48
60617,DEM,34901.0,25.0,283
60617,IND,250.0,250.0,1
60617,REP,1035.0,40.0,13
60618,DEM,270682.0,27.0,2049
60618,IND,700.0,350.0,2
60618,OTH,1000.0,500.0,2
60618,REP,46350.0,250.0,115
60618,UNK,500.0,500.0,1
60619,DEM,31746.0,50.0,177
60619,REP,75.0,37.5,2
60620,DEM,30370.0,36.0,97
60620,REP,500.0,500.0,1
60622,DEM,390804.0,27.0,2568
60622,DFL,1000.0,500.0,2
60622,REP,50479.0,325.0,62
60622,UNK,1500.0,500.0,3
60623,DEM,11355.0,25.0,157
60623,REP,930.0,23.5,10
60624,DEM,2635.0,15.0,19
60624,REP,200.0,200.0,1
60625,DEM,215995.0,27.0,2468
60625,IND,350.0,350.0,1
60625,REP,3169.0,50.0,24
60626,DEM,135147.0,25.0,2041
60626,REP,2343.0,75.0,15
60628,DEM,17810.0,25.0,211
60628,REP,2950.0,1475.0,2
60629,DEM,8131.0,25.0,105
60629,REP,2600.0,500.0,5
60630,DEM,46276.0,25.0,782
60630,REP,11675.0,87.5,32
60631,DEM,25444.0,20.0,281
60631,REP,4310.0,50.0,17
60632,DEM,19770.0,25.0,241
60632,REP,16425.0,400.0,33
60633,DEM,1778.0,27.0,27
60634,DEM,27333.0,27.0,427
60634,REP,5426.0,132.5,36
60636,DEM,3694.0,50.0,22
60637,DEM,390981.0,50.0,1868
60637,DFL,2700.0,2700.0,1
60637,IND,1200.0,600.0,2
60637,REP,13855.0,50.0,56
60637,UNK,600.0,300.0,2
60638,DEM,26255.0,35.0,220
60638,IND,125.0,125.0,1
60638,REP,13161.0,50.0,42
60639,DEM,5955.0,27.0,103
60639,REP,1525.0,50.0,8
60640,DEM,469329.0,25.0,4739
60640,REP,66595.0,250.0,89
60640,UNK,1150.0,575.0,2
60641,DEM,65266.0,25.0,809
60641,REP,8960.0,50.0,103
60642,DEM,109977.0,35.0,725
60642,REP,73065.0,1000.0,55
60642,UNK,2750.0,1375.0,2
60643,DEM,132077.0,25.0,1054
60643,REP,5500.0,250.0,18
60644,DEM,6366.0,27.0,59
60644,REP,4030.0,100.0,6
60645,DEM,77182.0,25.0,1080
60645,REP,61169.0,109.0,72
60646,DEM,81543.0,36.0,633
60646,REP,18403.0,35.0,86
60647,DEM,315427.0,27.0,2456
60647,IND,1750.0,500.0,3
60647,OTH,540.0,540.0,1
60647,REP,65095.0,250.0,100
60649,DEM,149589.0,50.0,428
60649,REP,2500.0,2500.0,1
60651,DEM,8168.0,25.0,130
60651,REP,8135.0,2700.0,5
60652,DEM,10772.0,20.0,225
60652,REP,300.0,50.0,5
60653,DEM,51995.0,50.0,232
60653,REP,650.0,100.0,5
60654,DEM,683995.0,100.0,1378
60654,DFL,750.0,375.0,2
60654,REP,340510.0,500.0,275
60654,UNK,6500.0,1750.0,4
60655,DEM,13811.0,25.0,157
60655,REP,6757.0,100.0,29
60656,DEM,11737.0,5.0,589
60656,REP,3550.0,35.0,82
60657,DEM,985327.0,33.0,5254
60657,DFL,600.0,25.0,5
60657,GRE,500.0,500.0,1
60657,IND,100.0,100.0,1
60657,OTH,1020.0,210.0,4
60657,REP,150877.0,275.0,238
60657,UNK,3700.0,375.0,4
60659,DEM,58717.0,25.0,697
60659,REP,85409.0,200.0,66
60660,DEM,233483.0,25.0,2605
60660,IND,350.0,175.0,2
60660,REP,10464.0,70.0,99
60661,DEM,94069.0,35.0,513
60661,REP,150666.0,1500.0,69
60661,UNK,6400.0,1600.0,4
60664,DEM,216.0,26.5,8
60670,REP,1000.0,500.0,2
60680,DEM,13999.0,25.0,46
60680,REP,185300.0,2700.0,49
60681,DEM,5200.0,1000.0,4
60690,DEM,4689.0,19.0,53
60706,DEM,4880.0,35.0,93
60706,REP,1745.0,50.0,21
60707,DEM,40890.0,27.0,494
60707,REP,5958.0,50.0,47
60712,DEM,87781.0,50.0,274
60712,REP,100375.0,250.0,123
60714,DEM,30389.0,25.0,226
60714,REP,22824.0,100.0,75
60803,DEM,2124.0,27.0,49
60803,REP,2016.0,42.5,32
60804,DEM,6049.0,25.0,102
60804,REP,1910.0,50.0,17
60805,DEM,20594.0,15.0,212
60805,REP,31405.0,25.0,34
60805,UNK,500.0,500.0,1
60810,DEM,500.0,500.0,1
60811,DEM,1000.0,1000.0,1
60827,DEM,880.0,5.0,26
60827,REP,340.0,70.0,3
60840,DEM,50.0,50.0,1
60901,DEM,7417.0,35.0,147
60901,REP,9055.0,25.0,72
60910,REP,590.0,150.0,4
60911,DEM,81.0,27.0,3
60911,REP,50.0,50.0,1
60913,DEM,280.0,15.0,18
60913,REP,201.0,201.0,1
60914,DEM,12118.0,17.5,178
60914,REP,8360.0,50.0,64
60915,DEM,2646.0,50.0,37
60915,REP,556.0,25.0,16
60918,DEM,191.0,5.0,16
60919,DEM,4723.0,35.0,86
60920,DEM,376.0,27.0,11
60922,DEM,1200.0,100.0,3
60922,REP,2360.0,100.0,13
60924,DEM,578.0,19.0,32
60924,REP,1060.0,25.0,4
60927,REP,90.0,25.0,5
60928,REP,240.0,60.0,4
60930,REP,450.0,50.0,5
60932,REP,100.0,50.0,2
60935,DEM,433.0,28.0,15
60936,DEM,390.0,62.5,4
60936,REP,2170.0,52.0,30
60938,DEM,227.0,113.5,2
60938,REP,220.0,100.0,3
60940,REP,1250.0,625.0,2
60941,DEM,54.0,27.0,2
60941,REP,2060.0,200.0,13
60942,DEM,500.0,500.0,1
60942,REP,702.0,100.0,6
60945,REP,180.0,180.0,1
60945,UNK,250.0,250.0,1
60948,DEM,337.0,10.0,9
60948,REP,250.0,250.0,1
60950,DEM,9202.0,3.0,614
60950,REP,6725.0,250.0,22
60951,DEM,1054.0,27.0,3
60952,REP,150.0,150.0,1
60953,DEM,2350.0,250.0,9
60953,REP,225.0,100.0,3
60954,DEM,1290.0,50.0,21
60954,REP,946.0,52.5,6
60957,DEM,736.0,50.0,18
60957,REP,1385.0,100.0,8
60958,DEM,250.0,250.0,1
60960,DEM,200.0,200.0,1
60961,DEM,57.0,15.0,3
60963,DEM,505.0,14.5,32
60963,REP,3100.0,100.0,21
60964,DEM,1567.0,25.0,25
60964,REP,4532.0,100.0,34
60966,DEM,225.0,50.0,5
60966,REP,800.0,100.0,8
60968,REP,800.0,225.0,4
60970,DEM,290.0,11.0,10
60970,REP,13275.0,250.0,25
60973,REP,160.0,80.0,2
60983,REP,25.0,25.0,1
61001,DEM,550.0,275.0,2
61001,REP,25.0,25.0,1
61006,DEM,140.0,50.0,3
61006,REP,160.0,10.0,10
61007,REP,100.0,15.0,6
61008,DEM,13556.0,20.0,349
61008,REP,27413.0,50.0,152
61010,DEM,3541.0,12.5,34
61010,REP,1720.0,100.0,8
61011,DEM,3112.0,75.0,27
61011,REP,2595.0,250.0,5
61012,DEM,672.0,15.0,37
61016,DEM,2127.0,100.0,26
61016,REP,3350.0,100.0,19
61019,DEM,5395.0,25.0,123
61019,REP,200.0,100.0,2
61020,DEM,2996.0,54.0,42
61020,REP,200.0,200.0,1
61021,DEM,5208.0,25.0,92
61021,REP,7523.0,35.0,57
61024,DEM,3830.0,35.0,30
61024,REP,1075.0,35.0,17
61025,DEM,547.0,27.0,19
61025,REP,1300.0,100.0,6
61028,DEM,850.0,150.0,6
61028,REP,303.0,100.0,3
61030,DEM,150.0,75.0,2
61030,REP,1000.0,1000.0,1
61031,REP,1350.0,100.0,8
61032,DEM,6942.0,25.0,123
61032,REP,6680.0,50.0,60
61036,DEM,17360.0,38.0,136
61036,REP,3441.0,35.0,34
61038,REP,350.0,100.0,4
61041,DEM,360.0,10.0,9
61041,REP,400.0,100.0,4
61041,UNK,500.0,500.0,1
61042,DEM,264.0,15.0,16
61042,REP,250.0,250.0,1
61046,DEM,288.0,144.0,2
61046,REP,11350.0,425.0,12
61048,REP,1175.0,75.0,8
61049,REP,550.0,275.0,2
61051,REP,365.0,50.0,6
61052,DEM,100.0,50.0,2
61052,REP,600.0,20.0,7
61053,DEM,1616.0,25.0,40
61053,REP,955.0,25.0,21
61054,DEM,767.0,27.0,12
61054,REP,1311.0,100.0,15
61060,DEM,266.0,25.0,10
61061,DEM,3805.0,25.0,91
61061,REP,7545.0,50.0,29
61062,DEM,11300.0,250.0,37
61063,DEM,823.0,36.5,18
61063,REP,3049.0,250.0,7
61064,DEM,641.0,38.5,16
61064,REP,120.0,5.0,15
61065,DEM,1819.0,22.5,50
61065,REP,4160.0,50.0,18
61067,DEM,1074.0,10.0,63
61068,DEM,2177.0,19.0,51
61068,REP,1701.0,50.0,27
61070,DEM,570.0,27.0,19
61070,REP,31.0,31.0,1
61071,DEM,4833.0,26.0,70
61071,REP,625.0,150.0,4
61072,DEM,3848.0,25.0,78
61072,REP,4546.0,50.0,53
61073,DEM,7555.0,25.0,183
61073,REP,21953.0,100.0,93
61074,DEM,3205.0,25.0,25
61074,REP,4428.0,100.0,37
61078,REP,264.0,66.5,4
61079,DEM,147.0,31.0,5
61079,REP,400.0,200.0,2
61080,DEM,1326.0,25.0,42
61080,REP,6319.0,35.0,71
61081,DEM,13632.0,25.0,293
61081,REP,4200.0,100.0,23
61084,DEM,814.0,38.0,17
61084,REP,1375.0,100.0,16
61085,DEM,1290.0,25.0,13
61085,REP,165.0,20.0,9
61087,DEM,77.0,15.0,5
61088,DEM,1404.0,87.5,8
61088,REP,1525.0,25.0,27
61089,DEM,250.0,250.0,1
61089,REP,765.0,25.0,23
61101,DEM,3727.0,50.0,28
61101,REP,1310.0,30.0,7
61102,DEM,970.0,35.0,22
61102,REP,2156.0,50.0,27
61103,DEM,14789.0,25.0,267
61103,GRE,304.0,48.0,6
61103,REP,10523.0,100.0,24
61104,DEM,1150.0,42.5,32
61104,REP,1450.0,175.0,4
61105,REP,1000.0,1000.0,1
61107,DEM,57199.0,27.0,368
61107,REP,73549.0,100.0,198
61108,DEM,9252.0,20.0,254
61108,REP,20371.0,50.0,38
61109,DEM,3210.0,25.0,62
61109,REP,4130.0,53.0,43
61110,DEM,116.0,13.0,6
61110,REP,10800.0,2700.0,4
61111,DEM,10825.0,14.5,86
61111,REP,8868.0,66.5,56
61114,DEM,17492.0,25.0,228
61114,REP,31054.0,50.0,146
61115,DEM,2543.0,50.0,39
61115,REP,1665.0,50.0,26
61125,DEM,425.0,25.0,14
61125,REP,410.0,40.0,5
61126,DEM,200.0,100.0,2
61126,REP,70.0,35.0,2
61132,REP,23500.0,2700.0,13
61201,DEM,50955.0,50.0,460
61201,REP,24816.0,33.0,148
61230,REP,100.0,100.0,1
61231,DEM,600.0,50.0,6
61231,REP,14209.0,250.0,25
61235,DEM,775.0,27.0,28
61235,REP,2025.0,250.0,11
61238,REP,325.0,25.0,10
61240,DEM,9200.0,375.0,8
61240,REP,479.0,50.0,10
61241,DEM,370.0,21.0,6
61241,REP,35.0,35.0,1
61242,DEM,100.0,10.0,9
61242,REP,275.0,75.0,4
61244,DEM,12933.0,25.0,166
61244,REP,6342.0,31.0,87
61250,DEM,3850.0,25.0,9
61250,REP,1305.0,140.0,4
61251,REP,175.0,50.0,3
61252,DEM,600.0,50.0,7
61252,REP,1079.0,50.0,14
61254,DEM,8535.0,25.0,107
61254,REP,46644.0,100.0,184
61256,DEM,1365.0,25.0,23
61256,REP,300.0,150.0,2
61257,DEM,150.0,150.0,1
61257,REP,90.0,90.0,1
61259,REP,1100.0,250.0,4
61260,DEM,453.0,25.0,10
61260,REP,50.0,50.0,1
61262,DEM,250.0,250.0,1
61263,DEM,100.0,50.0,2
61264,DEM,7076.0,25.0,65
61264,REP,43215.0,100.0,47
61265,DEM,41320.0,25.0,396
61265,REP,13446.0,50.0,130
61266,DEM,1250.0,625.0,2
61266,REP,16500.0,375.0,20
61270,DEM,4413.0,10.0,35
61270,IND,200.0,200.0,1
61270,REP,688.0,50.0,12
61272,REP,200.0,100.0,2
61273,REP,9304.0,50.0,55
61275,DEM,5816.0,10.0,99
61275,REP,2505.0,100.0,24
61277,DEM,178.0,10.0,17
61277,REP,1863.0,106.5,16
61278,DEM,500.0,250.0,2
61278,REP,1000.0,1000.0,1
61279,DEM,250.0,250.0,1
61281,DEM,4731.0,10.0,67
61282,DEM,2173.0,9.0,138
61282,REP,1251.0,250.0,6
61283,DEM,2566.0,2566.0,1
61284,DEM,4400.0,25.0,121
61284,REP,43260.0,2700.0,19
61285,DEM,1843.0,25.0,89
61285,REP,511.0,36.0,12
61301,DEM,920.0,25.0,35
61301,REP,4170.0,75.0,35
61310,DEM,383.0,27.0,15
61310,REP,550.0,100.0,4
61311,REP,314.0,50.0,7
61318,DEM,1107.0,50.0,25
61323,REP,195.0,35.0,5
61325,REP,225.0,11.5,10
61326,DEM,100.0,50.0,2
61326,REP,100.0,100.0,1
61327,DEM,10.0,10.0,1
61327,REP,17400.0,2700.0,8
61329,DEM,2250.0,375.0,6
61333,DEM,302.0,10.0,26
61334,DEM,130.0,14.0,9
61334,REP,225.0,25.0,8
61340,REP,650.0,150.0,4
61341,DEM,1052.0,20.0,33
61341,REP,1250.0,25.0,12
61342,DEM,2371.0,10.0,88
61342,REP,5090.0,100.0,37
61344,REP,315.0,35.0,9
61345,REP,2100.0,275.0,4
61348,DEM,2573.0,25.0,58
61348,REP,1425.0,125.0,11
61349,DEM,2744.0,27.0,85
61349,REP,300.0,100.0,3
61350,DEM,19268.0,25.0,281
61350,REP,18305.0,150.0,57
61353,DEM,126.0,27.0,7
61354,DEM,2681.0,25.0,62
61354,REP,7170.0,100.0,58
61356,DEM,3794.0,25.0,34
61356,DFL,2700.0,2700.0,1
61356,REP,24531.0,100.0,66
61358,DEM,466.0,94.5,6
61358,REP,50.0,50.0,1
61359,DEM,400.0,100.0,4
61360,DEM,60.0,30.0,2
61360,REP,550.0,150.0,4
61361,DEM,666.0,10.0,45
61362,DEM,4712.0,100.0,21
61362,REP,2343.0,12.5,28
61364,DEM,2389.0,10.0,73
61364,REP,1771.0,50.0,34
61367,DEM,585.0,25.0,20
61368,DEM,3455.0,50.0,46
61368,REP,100.0,25.0,4
61369,REP,2117.0,220.0,11
61370,DEM,466.0,27.0,9
61370,REP,425.0,50.0,7
61373,DEM,746.0,50.0,16
61373,REP,125.0,62.5,2
61375,DEM,100.0,100.0,1
61375,REP,6000.0,1500.0,4
61376,REP,744.0,50.0,16
61377,REP,2300.0,250.0,9
61379,DEM,300.0,25.0,12
61401,DEM,20570.0,25.0,325
61401,REP,35103.0,100.0,169
61401,UNK,200.0,100.0,2
61402,REP,35.0,35.0,1
61410,DEM,899.0,25.0,23
61410,REP,245.0,25.0,6
61411,REP,370.0,17.5,8
61412,DEM,250.0,50.0,4
61412,REP,25.0,25.0,1
61413,DEM,5400.0,2700.0,2
61414,DEM,1765.0,375.0,4
61414,REP,6625.0,1000.0,9
61415,DEM,4180.0,50.0,46
61415,REP,200.0,100.0,2
61418,REP,60.0,30.0,2
61419,REP,330.0,110.0,3
61421,REP,1025.0,100.0,10
61422,DEM,378.0,25.0,12
61422,REP,6500.0,1000.0,7
61425,DEM,38.0,19.0,2
61427,DEM,863.0,25.0,16
61430,DEM,1500.0,750.0,2
61434,DEM,1080.0,27.0,32
61434,REP,2750.0,250.0,11
61436,DEM,327.0,50.0,3
61436,REP,55.0,27.5,2
61438,DEM,784.0,25.0,33
61441,REP,903.0,25.0,29
61442,DEM,700.0,75.0,4
61443,DEM,3287.0,25.0,93
61443,REP,2136.0,50.0,30
61447,REP,250.0,250.0,1
61448,DEM,285.0,142.5,2
61448,REP,3724.0,50.0,29
61451,REP,200.0,100.0,2
61453,DEM,645.0,20.0,10
61455,DEM,23546.0,27.0,263
61455,REP,9120.0,50.0,80
61458,REP,1666.0,50.0,29
61459,REP,500.0,500.0,1
61462,DEM,3791.0,100.0,49
61462,REP,950.0,100.0,9
61466,DEM,250.0,250.0,1
61466,IND,150.0,150.0,1
61467,DEM,105.0,10.0,10
61469,DEM,100.0,50.0,2
61469,REP,75.0,37.5,2
61470,REP,450.0,75.0,6
61472,DEM,374.0,35.0,13
61473,DEM,203.0,10.0,13
61473,REP,1750.0,100.0,17
61474,REP,35.0,35.0,1
61476,DEM,250.0,250.0,1
61477,DEM,54.0,27.0,2
61480,REP,650.0,200.0,3
61483,DEM,83.0,12.5,6
61483,REP,320.0,35.0,9
61484,DEM,217.0,15.0,11
61484,REP,645.0,25.0,12
61485,DEM,15.0,15.0,1
61485,REP,775.0,25.0,34
61488,DEM,1065.0,10.0,7
61489,REP,7400.0,1850.0,4
61491,DEM,127.0,26.0,6
61491,REP,15550.0,500.0,32
61491,UNK,500.0,500.0,1
61492,REP,500.0,500.0,1
61501,DEM,250.0,250.0,1
61517,DEM,1264.0,50.0,28
61517,REP,26440.0,250.0,45
61520,DEM,4331.0,25.0,109
61520,REP,6176.0,35.0,116
61523,DEM,3880.0,27.0,65
61523,REP,3175.0,200.0,16
61525,DEM,10056.0,50.0,124
61525,REP,91141.0,250.0,168
61526,DEM,1590.0,200.0,7
61526,REP,1950.0,100.0,17
61528,DEM,14203.0,250.0,17
61528,REP,69714.0,150.0,70
61529,DEM,615.0,35.0,17
61529,REP,1055.0,25.0,22
61530,DEM,31807.0,100.0,93
61530,REP,16990.0,43.0,66
61531,DEM,1200.0,150.0,6
61531,REP,10400.0,1300.0,6
61532,DEM,559.0,20.0,29
61533,DEM,50.0,50.0,1
61533,REP,3800.0,200.0,11
61534,DEM,245.0,15.0,15
61535,DEM,700.0,100.0,7
61535,REP,6750.0,175.0,12
61536,DEM,2175.0,75.0,5
61536,REP,6926.0,250.0,15
61537,DEM,710.0,34.0,18
61537,REP,690.0,50.0,5
61540,DEM,1340.0,25.0,7
61540,REP,28350.0,2550.0,19
61542,DEM,244.0,27.0,8
61542,REP,735.0,25.0,18
61545,DEM,425.0,30.0,13
61545,REP,100.0,25.0,4
61546,DEM,457.0,8.0,42
61546,REP,80.0,40.0,2
61547,DEM,729.0,50.0,7
61547,REP,50.0,25.0,2
61548,DEM,3906.0,20.0,88
61548,REP,45150.0,212.5,140
61550,DEM,6695.0,55.0,81
61550,REP,133375.0,105.0,214
61550,UNK,250.0,250.0,1
61552,DEM,100.0,100.0,1
61554,DEM,8194.0,25.0,184
61554,REP,33043.0,100.0,210
61555,DEM,750.0,250.0,3
61555,REP,400.0,150.0,3
61559,DEM,1122.0,28.0,29
61559,REP,4275.0,150.0,27
61560,DEM,492.0,5.0,48
61561,REP,7380.0,150.0,32
61565,REP,100.0,100.0,1
61568,DEM,262.0,25.0,8
61568,REP,4949.0,40.0,77
61569,REP,6400.0,2700.0,3
61570,REP,500.0,250.0,2
61570,UNK,250.0,250.0,1
61571,DEM,9410.0,25.0,100
61571,REP,29537.0,100.0,119
61572,DEM,150.0,50.0,3
61601,REP,500.0,250.0,2
61602,DEM,14699.0,100.0,61
61602,REP,34750.0,500.0,41
61602,UNK,2700.0,2700.0,1
61603,DEM,10151.0,26.0,52
61603,REP,13870.0,250.0,42
61604,DEM,12018.0,20.0,246
61604,REP,18228.0,125.0,82
61605,DEM,235.0,26.0,8
61605,REP,656.0,35.0,15
61606,DEM,16783.0,27.0,248
61606,REP,38950.0,250.0,84
61607,DEM,422.0,27.0,7
61607,REP,1644.0,100.0,17
61610,DEM,127.0,50.0,3
61610,REP,300.0,150.0,2
61611,DEM,6232.0,25.0,147
61611,REP,56171.0,100.0,168
61612,DEM,317.0,75.0,4
61612,REP,13750.0,300.0,19
61612,UNK,250.0,250.0,1
61614,DEM,46683.0,26.0,410
61614,REP,253463.0,250.0,425
61614,UNK,1000.0,500.0,2
61615,DEM,45376.0,59.0,201
61615,REP,412589.0,250.0,512
61616,DEM,2623.0,35.0,38
61616,REP,57120.0,500.0,59
61629,DEM,2500.0,2500.0,1
61650,DEM,10425.0,250.0,38
61651,REP,1700.0,250.0,6
61701,DEM,56030.0,25.0,673
61701,IND,300.0,300.0,1
61701,REP,36299.0,50.0,139
61701,UNK,2850.0,250.0,8
61702,DEM,1200.0,100.0,3
61702,REP,3357.0,25.0,40
61704,DEM,40292.0,27.0,470
61704,REP,88650.0,100.0,260
61704,UNK,8575.0,500.0,16
61705,DEM,8539.0,25.0,153
61705,REP,20620.0,50.0,165
61705,UNK,2425.0,125.0,12
61707,DEM,35.0,35.0,1
61720,REP,500.0,100.0,5
61723,DEM,1015.0,100.0,12
61723,REP,340.0,25.0,7
61725,DEM,1110.0,27.0,35
61725,REP,4130.0,50.0,27
61726,REP,1000.0,1000.0,1
61727,DEM,2067.0,25.0,49
61727,REP,4080.0,25.0,32
61727,UNK,475.0,150.0,3
61728,REP,500.0,250.0,2
61729,REP,23220.0,2700.0,15
61731,REP,150.0,75.0,2
61732,DEM,250.0,250.0,1
61732,REP,2295.0,37.5,12
61733,REP,750.0,375.0,2
61734,DEM,77.0,25.0,3
61734,REP,3511.0,100.0,27
61736,DEM,1305.0,27.0,25
61738,DEM,826.0,10.0,69
61738,REP,2063.0,50.0,22
61739,DEM,385.0,27.5,10
61739,REP,10498.0,172.5,42
61740,REP,142.0,71.0,2
61742,DEM,575.0,75.0,8
61742,REP,2430.0,100.0,12
61743,REP,80.0,10.0,5
61744,DEM,300.0,100.0,3
61744,REP,7165.0,45.0,25
61744,UNK,3600.0,1000.0,3
61745,DEM,1309.0,25.0,29
61745,REP,1777.0,35.0,39
61745,UNK,225.0,75.0,3
61747,DEM,100.0,50.0,2
61747,REP,10665.0,250.0,28
61748,DEM,2066.0,75.0,25
61748,REP,4425.0,100.0,16
61748,UNK,100.0,100.0,1
61752,DEM,5498.0,15.0,9
61752,REP,400.0,200.0,2
61753,DEM,454.0,15.0,23
61753,REP,1210.0,100.0,11
61754,DEM,72.0,25.0,3
61754,REP,551.0,50.0,11
61755,DEM,399.0,50.0,9
61755,REP,1037.0,60.0,11
61756,DEM,20.0,5.0,3
61759,DEM,750.0,50.0,15
61759,REP,760.0,62.5,10
61760,REP,401.0,53.0,4
61761,DEM,25734.0,25.0,508
61761,REP,19926.0,50.0,181
61761,UNK,900.0,150.0,4
61764,DEM,2114.0,25.0,24
61764,REP,3795.0,50.0,55
61769,REP,899.0,74.5,12
61770,DEM,15.0,15.0,1
61771,DEM,250.0,250.0,1
61772,REP,165.0,10.0,10
61774,DEM,250.0,250.0,1
61774,REP,1300.0,375.0,4
61775,DEM,100.0,100.0,1
61776,REP,1371.0,585.0,3
61801,DEM,145199.0,50.0,1141
61801,IND,1025.0,500.0,3
61801,REP,3356.0,35.0,19
61801,UNK,2710.0,480.0,6
61802,DEM,32240.0,35.0,475
61802,IND,125.0,125.0,1
61802,REP,9670.0,50.0,78
61802,UNK,1657.0,250.0,4
61803,DEM,640.0,25.0,10
61810,DEM,500.0,500.0,1
61813,REP,4302.0,100.0,41
61813,UNK,700.0,175.0,4
61814,DEM,480.0,20.0,19
61814,REP,255.0,255.0,1
61815,DEM,40.0,10.0,4
61816,REP,249.0,249.0,1
61817,DEM,85.0,35.0,3
61817,REP,750.0,250.0,3
61818,DEM,65.0,10.0,6
61820,DEM,48723.0,25.0,516
61820,REP,17490.0,150.0,51
61820,UNK,8000.0,375.0,16
61821,DEM,62815.0,27.0,845
61821,REP,12044.0,100.0,92
61821,UNK,20705.0,275.0,42
61822,DEM,53586.0,25.0,738
61822,REP,39051.0,100.0,124
61822,UNK,21070.0,250.0,48
61824,DEM,2050.0,375.0,6
61824,REP,900.0,100.0,5
61824,UNK,850.0,175.0,4
61825,DEM,305.0,100.0,3
61826,DEM,65.0,10.0,7
61826,REP,1500.0,500.0,3
61832,DEM,75325.0,25.0,110
61832,REP,11062.0,100.0,48
61832,UNK,1000.0,1000.0,1
61833,DEM,100.0,25.0,4
61834,DEM,5524.0,50.0,30
61834,REP,4477.0,210.0,16
61839,UNK,500.0,500.0,1
61840,DEM,971.0,15.0,15
61840,REP,30.0,30.0,1
61841,REP,1590.0,50.0,20
61842,DEM,188.0,50.0,3
61842,REP,1105.0,50.0,13
61842,UNK,500.0,500.0,1
61843,REP,2225.0,50.0,21
61844,REP,350.0,175.0,2
61845,REP,175.0,50.0,3
61846,DEM,85.0,42.5,2
61846,REP,450.0,100.0,5
61847,REP,350.0,100.0,3
61849,DEM,417.0,35.0,15
61849,REP,195.0,35.0,6
61851,REP,1359.0,50.0,26
61853,DEM,8962.0,25.0,148
61853,REP,12335.0,100.0,51
61853,UNK,2400.0,275.0,6
61854,DEM,707.0,25.0,22
61854,REP,225.0,75.0,3
61856,DEM,10229.0,25.0,146
61856,REP,37448.0,80.0,48
61856,UNK,8025.0,350.0,21
61859,DEM,1250.0,200.0,7
61862,REP,751.0,50.0,11
61863,DEM,352.0,10.0,8
61864,UNK,1959.0,1959.0,1
61865,DEM,29.0,7.0,3
61866,DEM,1729.0,50.0,26
61866,REP,2211.0,50.0,17
61866,UNK,2000.0,1000.0,2
61873,DEM,833.0,27.0,23
61873,REP,2521.0,62.5,12
61873,UNK,500.0,500.0,1
61874,DEM,6191.0,27.0,110
61874,REP,1420.0,50.0,14
61874,UNK,1900.0,375.0,6
61875,REP,1350.0,100.0,6
61877,REP,105.0,30.0,3
61878,REP,240.0,50.0,5
61880,REP,17450.0,1350.0,12
61880,UNK,750.0,250.0,3
61883,DEM,747.0,10.0,47
61883,UNK,500.0,500.0,1
61884,DEM,790.0,15.0,6
61884,REP,470.0,25.0,9
61884,UNK,250.0,250.0,1
61910,REP,100.0,50.0,2
61911,REP,670.0,50.0,9
61912,DEM,2725.0,100.0,14
61913,REP,4341.0,73.5,50
61914,DEM,99.0,20.0,5
61917,DEM,650.0,50.0,13
61920,DEM,16738.0,25.0,323
61920,REP,3387.0,75.0,27
61924,REP,987.0,141.0,7
61925,REP,100.0,100.0,1
61925,UNK,300.0,300.0,1
61929,DEM,2400.0,100.0,29
61929,REP,2000.0,100.0,20
61929,UNK,600.0,100.0,6
61931,REP,145.0,42.5,4
61933,REP,50.0,50.0,1
61937,DEM,262.0,27.0,7
61938,DEM,2945.0,27.0,45
61938,REP,5141.0,100.0,43
61938,UNK,100.0,100.0,1
61940,REP,751.0,100.0,6
61942,DEM,287.0,14.0,16
61942,REP,1000.0,1000.0,1
61943,DEM,709.0,27.0,16
61943,REP,511.0,50.0,11
61944,DEM,1602.0,5.0,51
61944,REP,13131.0,25.0,137
61944,UNK,650.0,325.0,2
61951,DEM,1228.0,100.0,11
61951,REP,5050.0,100.0,32
61953,DEM,765.0,50.0,11
61953,REP,927.0,250.0,5
61953,UNK,800.0,400.0,2
61956,DEM,908.0,31.5,18
61956,REP,1000.0,75.0,8
61957,DEM,494.0,25.0,18
61957,REP,225.0,25.0,4
61957,UNK,300.0,150.0,2
62001,DEM,2071.0,15.0,43
62001,REP,145.0,25.0,3
62002,DEM,88121.0,25.0,216
62002,REP,12953.0,50.0,71
62002,UNK,3050.0,1000.0,4
62010,DEM,7240.0,25.0,128
62010,REP,3235.0,50.0,32
62010,UNK,900.0,162.5,4
62012,DEM,346.0,27.0,9
62012,REP,1870.0,62.5,10
62012,UNK,450.0,225.0,2
62013,REP,250.0,50.0,4
62014,REP,250.0,62.5,4
62016,DEM,500.0,50.0,10
62016,REP,21960.0,250.0,68
62016,UNK,525.0,112.5,4
62017,REP,135.0,67.5,2
62018,DEM,100.0,100.0,1
62018,REP,3870.0,50.0,46
62021,DEM,5000.0,1000.0,6
62022,REP,371.0,40.0,10
62022,UNK,1485.0,300.5,4
62024,DEM,5336.0,25.0,39
62024,REP,3219.0,200.0,13
62025,DEM,267217.0,27.0,647
62025,REP,59060.0,200.0,175
62025,UNK,5000.0,250.0,7
62027,UNK,860.0,175.0,4
62028,DEM,1066.0,50.0,14
62028,REP,725.0,100.0,10
62032,DEM,108.0,27.0,4
62033,DEM,631.0,11.5,24
62033,REP,1220.0,250.0,7
62034,DEM,33663.0,36.0,246
62034,REP,13911.0,35.0,90
62034,UNK,2950.0,500.0,7
62035,DEM,27979.0,25.0,175
62035,REP,24910.0,50.0,114
62035,UNK,1275.0,100.0,10
62036,DEM,500.0,500.0,1
62037,UNK,500.0,75.0,6
62040,DEM,21516.0,22.0,182
62040,REP,1610.0,50.0,11
62044,UNK,125.0,125.0,1
62047,UNK,600.0,300.0,2
62048,REP,2750.0,250.0,5
62049,DEM,14006.0,88.0,63
62049,UNK,1260.0,127.5,4
62050,REP,70.0,35.0,2
62052,DEM,1371.0,15.0,17
62052,REP,5082.0,51.5,70
62052,UNK,2900.0,200.0,14
62054,REP,180.0,30.0,6
62056,DEM,1357.0,25.0,37
62056,REP,4456.0,42.0,31
62056,UNK,4850.0,400.0,12
62061,DEM,200.0,200.0,1
62061,REP,550.0,275.0,2
62062,DEM,10660.0,10.0,193
62062,REP,5630.0,200.0,27
62062,UNK,200.0,200.0,1
62063,DEM,225.0,50.0,5
62063,REP,50.0,50.0,1
62063,UNK,1025.0,512.5,2
62067,DEM,31275.0,500.0,51
62067,UNK,125.0,125.0,1
62069,DEM,91.0,15.0,5
62069,REP,425.0,75.0,6
62070,DEM,500.0,500.0,1
62074,DEM,757.0,50.0,16
62075,DEM,3090.0,100.0,28
62075,REP,2980.0,100.0,25
62075,UNK,8525.0,200.0,9
62080,REP,100.0,100.0,1
62081,UNK,8891.0,1000.0,7
62082,REP,250.0,250.0,1
62086,DEM,645.0,25.0,12
62088,DEM,1284.0,35.0,30
62088,REP,215.0,15.0,14
62092,DEM,1448.0,25.0,32
62094,DEM,500.0,250.0,2
62094,UNK,50.0,50.0,1
62095,DEM,2072.0,100.0,12
62095,REP,741.0,26.0,15
62095,UNK,85.0,85.0,1
62097,DEM,8914.0,27.0,23
62097,REP,1300.0,200.0,3
62201,DEM,677.0,11.0,12
62201,REP,6000.0,2000.0,3
62203,DEM,225.0,25.0,5
62203,REP,253.0,75.0,4
62204,DEM,2042.0,520.5,4
62205,DEM,618.0,25.0,18
62205,REP,4200.0,1000.0,3
62206,DEM,3727.0,27.0,39
62206,REP,2426.0,86.0,7
62207,DEM,876.0,75.0,7
62208,DEM,27955.0,50.0,144
62208,REP,10950.0,50.0,166
62216,DEM,462.0,31.5,14
62216,REP,1550.0,250.0,4
62217,DEM,450.0,225.0,2
62217,REP,1500.0,100.0,6
62218,DEM,676.0,50.0,11
62218,REP,250.0,100.0,3
62220,DEM,143619.0,100.0,332
62220,REP,10618.0,100.0,43
62221,DEM,48784.0,37.0,201
62221,REP,23330.0,100.0,67
62222,DEM,1000.0,1000.0,1
62223,DEM,136468.0,50.0,393
62223,REP,13480.0,100.0,77
62225,DEM,100.0,50.0,2
62225,REP,100.0,100.0,1
62226,DEM,207448.0,50.0,470
62226,REP,32029.0,62.5,96
62230,DEM,294.0,5.0,38
62230,REP,7350.0,950.0,8
62231,DEM,2495.0,25.0,39
62231,REP,65110.0,1350.0,36
62231,UNK,1000.0,1000.0,1
62232,DEM,6149.0,25.0,26
62232,REP,3900.0,100.0,25
62233,DEM,2237.0,75.0,13
62233,REP,26029.0,25.0,172
62234,DEM,29801.0,30.0,201
62234,REP,19210.0,200.0,56
62234,UNK,2550.0,100.0,7
62236,DEM,24445.0,27.0,101
62236,REP,37714.0,100.0,104
62236,UNK,2500.0,1000.0,3
62237,REP,850.0,100.0,7
62239,REP,175.0,25.0,6
62240,REP,20.0,20.0,1
62241,DEM,5000.0,2500.0,2
62241,REP,1450.0,175.0,4
62242,DEM,100.0,50.0,2
62242,REP,5647.0,100.0,9
62243,DEM,8619.0,37.0,77
62243,REP,1095.0,35.0,11
62244,DEM,1171.0,60.0,17
62244,REP,450.0,225.0,2
62246,DEM,2117.0,25.0,67
62246,REP,6976.0,325.0,18
62246,UNK,4200.0,1000.0,5
62248,REP,250.0,250.0,1
62249,DEM,4065.0,25.0,48
62249,REP,26199.0,400.0,64
62249,UNK,20.0,10.0,2
62253,REP,250.0,125.0,2
62254,DEM,8764.0,27.0,77
62254,REP,12975.0,100.0,55
62256,DEM,1483.0,15.0,76
62257,DEM,229.0,25.0,8
62258,DEM,12300.0,700.0,11
62258,REP,4170.0,35.0,57
62260,DEM,6085.0,60.0,36
62260,REP,8780.0,100.0,20
62261,REP,250.0,250.0,1
62262,DEM,195.0,35.0,6
62262,REP,700.0,100.0,6
62263,DEM,400.0,100.0,3
62263,REP,30550.0,875.0,28
62263,UNK,450.0,225.0,2
62264,REP,805.0,150.0,5
62265,REP,1915.0,17.5,14
62268,REP,100.0,50.0,2
62269,DEM,51897.0,29.0,350
62269,REP,97310.0,100.0,259
62269,UNK,2500.0,1000.0,3
62271,DEM,456.0,25.0,17
62271,REP,1155.0,50.0,5
62274,DEM,155.0,10.0,12
62274,REP,23911.0,350.0,55
62275,REP,250.0,250.0,1
62278,DEM,517.0,250.0,3
62278,REP,32293.0,275.0,44
62280,REP,600.0,175.0,4
62281,DEM,11900.0,100.0,33
62281,REP,6721.0,50.0,30
62282,REP,750.0,250.0,3
62285,DEM,2850.0,27.0,31
62285,REP,14995.0,100.0,70
62286,DEM,656.0,50.0,11
62286,REP,2085.0,250.0,7
62288,REP,1700.0,250.0,7
62293,DEM,3903.0,27.0,12
62293,REP,5002.0,35.0,47
62294,DEM,24365.0,35.0,108
62294,REP,2296.0,50.0,33
62295,DEM,1464.0,42.5,38
62295,REP,350.0,350.0,1
62298,DEM,14718.0,50.0,129
62298,REP,26875.0,250.0,59
62298,UNK,1000.0,500.0,2
62301,DEM,15096.0,30.0,142
62301,REP,59632.0,200.0,127
62301,UNK,100.0,100.0,1
62305,DEM,13588.0,42.0,111
62305,REP,188282.0,250.0,244
62305,UNK,3700.0,1850.0,2
62306,REP,13665.0,500.0,22
62306,UNK,1000.0,500.0,2
62311,DEM,75.0,37.5,2
62319,DEM,140.0,35.0,4
62320,DEM,2600.0,100.0,27
62320,REP,538.0,25.0,14
62321,REP,956.0,25.0,33
62324,REP,650.0,50.0,9
62326,REP,2607.0,35.0,39
62330,DEM,250.0,250.0,1
62330,REP,1513.0,100.0,15
62334,REP,470.0,110.0,4
62340,REP,700.0,175.0,4
62341,DEM,335.0,100.0,5
62341,REP,1495.0,50.0,25
62343,REP,1550.0,250.0,5
62347,REP,4140.0,40.0,22
62347,UNK,750.0,375.0,2
62349,DEM,40.0,40.0,1
62349,REP,50.0,25.0,2
62351,DEM,55.0,14.5,4
62351,REP,190.0,25.0,5
62353,DEM,500.0,250.0,2
62353,REP,6470.0,250.0,11
62354,REP,23646.0,50.0,22
62356,REP,500.0,250.0,2
62358,DEM,1150.0,200.0,6
62359,REP,600.0,150.0,4
62360,REP,1000.0,50.0,9
62363,DEM,325.0,162.5,2
62363,REP,3646.0,52.0,31
62365,REP,950.0,50.0,6
62366,DEM,10.0,10.0,1
62367,REP,150.0,150.0,1
62370,REP,500.0,250.0,2
62374,DEM,150.0,75.0,2
62376,DEM,302.0,50.0,7
62376,REP,200.0,200.0,1
62379,DEM,200.0,100.0,2
62401,DEM,7119.0,25.0,124
62401,REP,32041.0,150.0,65
62401,UNK,3700.0,125.0,12
62411,DEM,52.0,15.0,3
62411,REP,200.0,200.0,1
62411,UNK,800.0,400.0,2
62414,REP,1035.0,100.0,7
62417,DEM,225.0,112.5,2
62418,REP,500.0,250.0,2
62420,REP,1550.0,75.0,12
62424,DEM,500.0,250.0,2
62424,REP,400.0,100.0,4
62426,DEM,25.0,25.0,1
62426,REP,850.0,50.0,9
62427,REP,75.0,37.5,2
62428,DEM,1051.0,50.0,17
62428,REP,413.0,35.0,8
62431,REP,100.0,100.0,1
62433,DEM,50.0,25.0,2
62439,DEM,485.0,25.0,11
62439,REP,933.0,100.0,7
62440,REP,2785.0,250.0,3
62441,DEM,831.0,27.0,21
62441,REP,4086.0,250.0,9
62442,DEM,200.0,100.0,2
62442,REP,2150.0,100.0,16
62443,REP,180.0,25.0,5
62444,DEM,49.0,49.0,1
62444,REP,400.0,50.0,6
62447,DEM,77.0,3.0,12
62447,REP,600.0,25.0,10
62448,REP,1400.0,250.0,6
62449,DEM,15.0,15.0,1
62449,REP,375.0,25.0,9
62450,DEM,3499.0,25.0,63
62450,REP,4621.0,100.0,32
62451,REP,653.0,326.5,2
62452,DEM,950.0,250.0,4
62454,DEM,3608.0,31.5,40
62454,REP,8234.0,100.0,39
62458,REP,50.0,50.0,1
62461,DEM,170.0,8.0,18
62462,REP,350.0,100.0,4
62463,REP,375.0,100.0,3
62464,REP,250.0,250.0,1
62467,DEM,750.0,250.0,3
62467,REP,5589.0,100.0,31
62468,DEM,195.0,12.5,10
62468,REP,845.0,100.0,10
62471,DEM,335.0,22.5,14
62471,REP,1120.0,150.0,6
62476,REP,400.0,200.0,2
62477,REP,125.0,62.5,2
62478,REP,175.0,50.0,3
62479,REP,200.0,100.0,2
62501,DEM,800.0,250.0,4
62501,REP,450.0,100.0,3
62501,UNK,425.0,75.0,4
62510,DEM,500.0,500.0,1
62510,REP,50.0,50.0,1
62510,UNK,550.0,275.0,2
62513,DEM,522.0,132.5,4
62513,REP,700.0,200.0,4
62513,UNK,1400.0,200.0,7
62515,DEM,139.0,10.0,10
62515,REP,200.0,100.0,2
62517,DEM,500.0,500.0,1
62518,DEM,131.0,50.0,3
62521,DEM,8175.0,38.0,129
62521,REP,18493.0,54.5,132
62521,UNK,22020.0,250.0,58
62522,DEM,6799.0,20.0,132
62522,REP,2625.0,300.0,9
62522,UNK,200.0,200.0,1
62523,DEM,500.0,500.0,1
62524,DEM,300.0,25.0,11
62524,REP,500.0,500.0,1
62525,REP,1308.0,76.0,13
62525,UNK,500.0,150.0,3
62526,DEM,5617.0,10.0,100
62526,REP,37388.0,100.0,129
62526,UNK,6350.0,250.0,20
62530,DEM,300.0,300.0,1
62530,REP,1116.0,25.0,11
62530,UNK,500.0,500.0,1
62531,REP,250.0,125.0,2
62531,UNK,850.0,100.0,5
62533,REP,375.0,187.5,2
62534,DEM,300.0,100.0,3
62534,REP,150.0,25.0,7
62535,DEM,3351.0,10.0,41
62535,REP,12186.0,35.0,93
62535,UNK,14049.0,500.0,18
62536,DEM,700.0,175.0,4
62536,REP,610.0,30.0,6
62536,UNK,1300.0,200.0,5
62538,DEM,250.0,250.0,1
62539,DEM,1683.0,100.0,18
62539,REP,500.0,500.0,1
62540,DEM,513.0,100.0,7
62543,REP,150.0,150.0,1
62544,DEM,195.0,37.5,6
62544,REP,235.0,100.0,3
62544,UNK,350.0,175.0,2
62545,DEM,540.0,50.0,15
62545,REP,1000.0,1000.0,1
62546,DEM,200.0,50.0,4
62546,REP,1143.0,281.0,4
62546,UNK,350.0,100.0,4
62547,DEM,55.0,15.0,4
62547,UNK,100.0,100.0,1
62548,REP,1250.0,100.0,11
62549,DEM,3657.0,37.5,12
62549,REP,4929.0,250.0,21
62549,UNK,5550.0,500.0,9
62550,DEM,225.0,50.0,5
62550,REP,1535.0,100.0,10
62551,REP,436.0,35.0,10
62553,DEM,500.0,500.0,1
62555,REP,150.0,25.0,6
62555,UNK,500.0,500.0,1
62556,DEM,50.0,50.0,1
62557,DEM,240.0,5.0,10
62557,REP,117.0,25.0,6
62557,UNK,10100.0,150.0,23
62558,DEM,1045.0,37.5,16
62558,REP,75.0,37.5,2
62558,UNK,250.0,250.0,1
62560,REP,2140.0,25.0,31
62560,UNK,3150.0,500.0,6
62561,DEM,770.0,65.0,12
62561,REP,500.0,250.0,2
62561,UNK,200.0,100.0,2
62563,DEM,2420.0,10.0,40
62563,REP,1790.0,35.0,21
62563,UNK,1500.0,250.0,5
62565,DEM,3800.0,30.0,58
62565,REP,710.0,65.0,6
62567,DEM,2339.0,50.0,20
62567,REP,1375.0,100.0,10
62567,UNK,950.0,250.0,5
62568,DEM,1663.0,25.0,35
62568,REP,8000.0,100.0,54
62568,UNK,32106.0,250.0,83
62570,DEM,50.0,50.0,1
62571,DEM,2762.0,19.0,147
62572,REP,325.0,100.0,3
62612,REP,250.0,250.0,1
62613,DEM,588.0,35.0,17
62613,REP,803.0,50.0,14
62615,DEM,2482.0,100.0,21
62615,REP,2630.0,250.0,14
62617,DEM,34.0,5.0,6
62618,DEM,216.0,10.0,14
62618,REP,7120.0,200.0,17
62624,DEM,75.0,37.5,2
62624,REP,30.0,30.0,1
62625,DEM,54.0,27.0,2
62625,REP,3500.0,500.0,6
62625,UNK,7100.0,1500.0,4
62626,DEM,4948.0,27.0,109
62626,REP,1370.0,85.0,8
62626,UNK,250.0,250.0,1
62627,REP,2000.0,1000.0,2
62628,DEM,385.0,3.0,37
62629,DEM,6721.0,20.0,119
62629,REP,9964.0,25.0,136
62629,UNK,250.0,250.0,1
62630,DEM,1005.0,80.0,6
62631,REP,380.0,80.0,3
62634,DEM,81.0,27.0,3
62634,REP,2185.0,250.0,12
62640,DEM,2389.0,50.0,27
62640,REP,1263.0,50.0,19
62642,DEM,172.0,17.5,8
62644,DEM,677.0,12.5,22
62644,REP,300.0,75.0,4
62650,DEM,4571.0,25.0,110
62650,REP,81093.0,200.0,146
62650,UNK,11450.0,300.0,9
62651,DEM,631.0,35.0,17
62651,REP,800.0,400.0,2
62656,DEM,2551.0,25.0,64
62656,REP,11662.0,100.0,99
62664,REP,2100.0,68.0,25
62665,DEM,105.0,35.0,3
62666,REP,1000.0,200.0,6
62667,REP,625.0,42.5,12
62668,DEM,75.0,25.0,3
62668,REP,39.0,19.5,2
62670,DEM,807.0,5.0,122
62670,REP,1600.0,250.0,5
62670,UNK,1250.0,625.0,2
62671,REP,2000.0,1000.0,2
62674,REP,350.0,175.0,2
62675,DEM,5244.0,25.0,107
62675,REP,2065.0,75.0,22
62677,DEM,1498.0,27.0,21
62677,REP,4965.0,100.0,30
62681,DEM,2525.0,100.0,20
62681,REP,631.0,35.0,17
62682,DEM,75.0,75.0,1
62682,REP,560.0,50.0,12
62684,DEM,4314.0,25.0,89
62684,REP,6135.0,51.5,28
62685,DEM,125.0,25.0,5
62688,DEM,392.0,29.0,14
62688,REP,600.0,50.0,10
62689,UNK,350.0,175.0,2
62690,DEM,776.0,25.0,33
62690,REP,885.0,45.0,14
62690,UNK,305.0,30.0,3
62691,DEM,1205.0,10.0,73
62691,REP,2400.0,250.0,9
62692,REP,28.0,28.0,1
62693,REP,240.0,30.0,8
62694,DEM,80.0,40.0,2
62694,REP,700.0,25.0,10
62701,DEM,3109.0,25.0,48
62701,REP,6449.0,100.0,21
62701,UNK,2400.0,400.0,4
62702,DEM,35828.0,28.0,331
62702,REP,28657.0,50.0,137
62702,UNK,19310.0,500.0,26
62703,DEM,13238.0,25.0,255
62703,REP,1895.0,25.0,24
62703,UNK,2550.0,175.0,6
62704,DEM,166795.0,50.0,1238
62704,IND,350.0,175.0,2
62704,REP,79810.0,250.0,234
62704,UNK,35800.0,500.0,40
62705,DEM,1678.0,500.0,3
62705,REP,2000.0,100.0,14
62707,DEM,11585.0,15.0,141
62707,REP,4197.0,25.0,31
62707,UNK,750.0,375.0,2
62708,DEM,525.0,262.5,2
62711,DEM,47057.0,71.0,293
62711,REP,53672.0,100.0,251
62711,UNK,15577.0,500.0,22
62712,DEM,24658.0,50.0,217
62712,REP,16640.0,100.0,83
62712,UNK,10302.0,500.0,11
62781,UNK,500.0,500.0,1
62791,DEM,332.0,10.0,18
62791,REP,24900.0,2300.0,10
62801,DEM,2823.0,25.0,57
62801,REP,11297.0,100.0,36
62803,DEM,277.0,30.0,9
62803,REP,250.0,250.0,1
62806,DEM,285.0,35.0,9
62806,REP,476.0,50.0,9
62807,REP,300.0,300.0,1
62809,REP,300.0,300.0,1
62810,REP,250.0,250.0,1
62812,DEM,4899.0,25.0,30
62812,REP,6780.0,100.0,40
62815,REP,50.0,50.0,1
62816,REP,650.0,250.0,3
62817,REP,9650.0,650.0,12
62819,DEM,341.0,27.0,13
62821,DEM,1150.0,100.0,7
62821,REP,3980.0,50.0,16
62822,DEM,300.0,100.0,3
62822,REP,400.0,200.0,2
62823,DEM,224.0,19.0,3
62824,REP,200.0,100.0,2
62827,REP,120.0,20.0,6
62828,DEM,505.0,26.0,14
62828,REP,6521.0,35.0,48
62830,DEM,50.0,25.0,2
62832,DEM,3075.0,50.0,13
62832,REP,5293.0,100.0,28
62836,DEM,150.0,75.0,2
62836,REP,303.0,50.0,3
62837,DEM,543.0,27.0,19
62837,REP,3527.0,100.0,23
62838,DEM,40.0,20.0,2
62839,DEM,2525.0,100.0,28
62839,REP,735.0,60.0,8
62844,DEM,70.0,35.0,2
62848,REP,300.0,150.0,2
62849,REP,987.0,90.0,13
62851,REP,5400.0,2700.0,2
62851,UNK,2000.0,2000.0,1
62853,DEM,100.0,100.0,1
62854,DEM,205.0,35.0,5
62856,DEM,100.0,100.0,1
62858,DEM,100.0,100.0,1
62858,REP,406.0,50.0,6
62859,DEM,3200.0,50.0,15
62859,REP,5330.0,400.0,11
62863,DEM,678.0,10.0,52
62863,REP,4250.0,50.0,43
62864,DEM,9400.0,25.0,134
62864,REP,82870.0,250.0,138
62864,UNK,3700.0,1850.0,2
62865,DEM,100.0,100.0,1
62865,REP,850.0,250.0,3
62868,DEM,2969.0,27.0,75
62868,REP,253.0,50.0,6
62870,DEM,60.0,20.0,3
62870,REP,155.0,25.0,5
62875,REP,805.0,50.0,11
62876,DEM,635.0,30.0,19
62877,REP,3750.0,475.0,4
62878,REP,225.0,50.0,3
62881,DEM,2969.0,25.0,126
62881,REP,4305.0,50.0,21
62884,DEM,235.0,37.0,6
62884,REP,1300.0,350.0,4
62885,DEM,200.0,200.0,1
62890,DEM,260.0,35.0,8
62890,REP,24618.0,275.0,36
62895,DEM,37.0,37.0,1
62895,REP,1000.0,250.0,4
62896,DEM,3853.0,19.0,135
62896,REP,98891.0,250.0,76
62897,REP,1600.0,250.0,6
62898,DEM,98.0,38.0,3
62898,REP,250.0,35.0,7
62899,DEM,75.0,37.5,2
62899,REP,1260.0,50.0,5
62901,DEM,30270.0,30.0,483
62901,REP,36040.0,200.0,85
62902,DEM,14837.0,27.0,204
62902,REP,12885.0,200.0,38
62903,DEM,6465.0,50.0,72
62903,REP,9450.0,150.0,30
62905,DEM,503.0,40.0,13
62905,REP,250.0,250.0,1
62906,DEM,5282.0,67.0,65
62906,REP,14631.0,100.0,49
62907,DEM,115.0,35.0,4
62907,REP,5600.0,300.0,10
62908,DEM,715.0,100.0,4
62910,DEM,215.0,25.0,11
62912,REP,2000.0,1000.0,2
62914,DEM,303.0,25.0,18
62914,REP,200.0,200.0,1
62915,REP,2225.0,50.0,7
62916,DEM,50.0,50.0,1
62916,REP,4200.0,1000.0,3
62917,DEM,266.0,25.0,11
62917,REP,1255.0,25.0,22
62918,DEM,10410.0,25.0,110
62918,REP,7625.0,142.5,28
62920,DEM,700.0,350.0,2
62920,REP,18030.0,100.0,43
62922,DEM,260.0,15.0,10
62923,DEM,5486.0,50.0,53
62924,REP,5454.0,50.0,88
62930,DEM,917.0,25.0,8
62930,REP,7050.0,300.0,18
62932,REP,500.0,250.0,2
62933,DEM,316.0,15.0,14
62935,REP,26750.0,1300.0,15
62938,REP,3225.0,150.0,18
62939,DEM,1246.0,16.5,40
62939,REP,250.0,250.0,1
62940,REP,35.0,35.0,1
62942,REP,820.0,50.0,8
62943,REP,300.0,50.0,6
62946,DEM,4081.0,15.0,60
62946,REP,45775.0,250.0,37
62947,REP,600.0,100.0,7
62948,DEM,3004.0,15.0,139
62948,REP,6874.0,22.5,26
62950,REP,1050.0,100.0,5
62951,DEM,407.0,27.0,13
62951,REP,5960.0,300.0,21
62952,DEM,625.0,50.0,9
62952,REP,8900.0,500.0,17
62954,DEM,5000.0,1000.0,5
62957,DEM,25.0,25.0,1
62957,REP,500.0,500.0,1
62958,DEM,6235.0,100.0,70
62958,REP,20995.0,300.0,23
62959,DEM,32510.0,25.0,223
62959,REP,137150.0,300.0,163
62960,DEM,1599.0,19.0,80
62960,REP,3204.0,25.0,60
62962,REP,650.0,50.0,8
62964,DEM,564.0,22.5,28
62964,REP,408.0,25.0,10
62966,DEM,4406.0,25.0,84
62966,REP,59265.0,250.0,136
62967,DEM,300.0,100.0,3
62967,REP,1000.0,250.0,4
62969,DEM,627.0,50.0,9
62969,REP,196.0,56.0,3
62970,REP,251.0,63.0,4
62972,DEM,901.0,50.0,20
62972,REP,70.0,35.0,2
62974,DEM,325.0,11.0,14
62975,DEM,150.0,25.0,3
62975,REP,2265.0,465.0,7
62976,REP,338.0,50.0,7
62977,DEM,495.0,35.0,18
62977,REP,17300.0,1200.0,10
62979,DEM,50.0,50.0,1
62979,REP,400.0,200.0,2
62982,REP,4180.0,100.0,52
62983,REP,100.0,100.0,1
62984,DEM,800.0,300.0,3
62984,REP,1000.0,1000.0,1
62985,DEM,50.0,25.0,2
62985,REP,2380.0,25.0,14
62987,DEM,111.0,37.0,3
62987,REP,400.0,200.0,2
62990,REP,1000.0,1000.0,1
62992,REP,1250.0,625.0,2
62994,REP,730.0,100.0,4
62995,DEM,3046.0,25.0,24
62995,REP,2319.0,50.0,24
62998,REP,350.0,100.0,3
62999,REP,530.0,250.0,3
