id,zipcode_5,donations_sum,donations_median,donations_count,CAND_PARTY
0,60002,22289.0,27.0,344,TOTAL
1,60004,173281.0,50.0,1502,TOTAL
2,60005,92839.0,25.0,827,TOTAL
3,60007,45108.0,25.0,550,TOTAL
4,60008,18944.0,25.0,359,TOTAL
5,60009,122.0,12.0,8,TOTAL
6,60010,1133165.0,100.0,2120,TOTAL
7,60011,2333.0,50.0,13,TOTAL
8,60012,18611.0,25.0,198,TOTAL
9,60013,57345.0,25.0,381,TOTAL
10,60014,63706.0,25.0,857,TOTAL
11,60015,733174.0,100.0,2099,TOTAL
12,60016,70174.0,27.0,725,TOTAL
13,60018,155119.0,30.0,349,TOTAL
14,60020,11307.0,35.0,148,TOTAL
15,60021,4218.0,50.0,62,TOTAL
16,60022,1184824.0,250.0,1619,TOTAL
17,60025,433240.0,37.0,1794,TOTAL
18,60026,227313.0,50.0,998,TOTAL
19,60029,20266.0,50.0,87,TOTAL
20,60030,75346.0,31.0,690,TOTAL
21,60031,62161.0,25.0,655,TOTAL
22,60033,10481.0,27.0,160,TOTAL
23,60034,750.0,100.0,8,TOTAL
24,60035,2335550.0,100.0,5648,TOTAL
25,60038,250.0,250.0,1,TOTAL
26,60039,493.0,19.0,10,TOTAL
27,60040,24491.0,45.0,167,TOTAL
28,60041,6283.0,19.0,92,TOTAL
29,60042,4024.0,20.0,60,TOTAL
30,60043,321340.0,500.0,394,TOTAL
31,60044,195738.0,100.0,570,TOTAL
32,60045,2213978.0,300.0,2112,TOTAL
33,60046,44062.0,30.0,511,TOTAL
34,60047,259615.0,75.0,813,TOTAL
35,60048,244621.0,50.0,988,TOTAL
36,60050,20738.0,27.0,339,TOTAL
37,60051,10370.0,35.0,174,TOTAL
38,60053,88039.0,25.0,386,TOTAL
39,60056,66965.0,25.0,847,TOTAL
40,60058,2000.0,2000.0,1,TOTAL
41,60060,241288.0,25.0,648,TOTAL
42,60061,61422.0,32.0,497,TOTAL
43,60062,1061231.0,100.0,2621,TOTAL
44,60064,5319.0,18.0,31,TOTAL
45,60065,21450.0,2700.0,11,TOTAL
46,60066,10.0,10.0,1,TOTAL
47,60067,352278.0,40.0,1015,TOTAL
48,60068,229891.0,34.0,1516,TOTAL
49,60069,114911.0,50.0,504,TOTAL
50,60070,51300.0,50.0,265,TOTAL
51,60071,7441.0,100.0,37,TOTAL
52,60072,1405.0,50.0,23,TOTAL
53,60073,15497.0,25.0,229,TOTAL
54,60074,52023.0,50.0,342,TOTAL
55,60075,250.0,100.0,3,TOTAL
56,60076,109890.0,33.0,985,TOTAL
57,60077,177123.0,27.0,772,TOTAL
58,60078,2600.0,1300.0,2,TOTAL
59,60079,50.0,50.0,1,TOTAL
60,60081,11333.0,38.0,85,TOTAL
61,60082,1025.0,150.0,7,TOTAL
62,60083,20931.0,32.0,164,TOTAL
63,60084,26818.0,50.0,152,TOTAL
64,60085,62546.0,27.0,412,TOTAL
65,60087,17975.0,25.0,292,TOTAL
66,60088,120.0,10.0,3,TOTAL
67,60089,205411.0,50.0,823,TOTAL
68,60090,22448.0,25.0,205,TOTAL
69,60091,1368854.0,75.0,3667,TOTAL
70,60093,2933634.0,250.0,3622,TOTAL
71,60096,5742.0,100.0,60,TOTAL
72,60097,5852.0,15.0,60,TOTAL
73,60098,52388.0,25.0,478,TOTAL
74,60099,17758.0,25.0,161,TOTAL
75,60101,37726.0,25.0,179,TOTAL
76,60102,43981.0,10.0,618,TOTAL
77,60103,89612.0,35.0,359,TOTAL
78,60104,1329.0,100.0,15,TOTAL
79,60106,15463.0,27.0,117,TOTAL
80,60107,44622.0,25.0,289,TOTAL
81,60108,82014.0,50.0,332,TOTAL
82,60109,1000.0,1000.0,1,TOTAL
83,60110,10983.0,25.0,195,TOTAL
84,60111,308.0,154.0,2,TOTAL
85,60112,1014.0,24.0,38,TOTAL
86,60113,50.0,50.0,1,TOTAL
87,60115,64340.0,25.0,969,TOTAL
88,60118,19236.0,50.0,197,TOTAL
89,60119,17112.0,27.0,147,TOTAL
90,60120,70848.0,35.0,563,TOTAL
91,60121,8900.0,250.0,18,TOTAL
92,60123,55878.0,27.0,477,TOTAL
93,60124,35251.0,38.0,352,TOTAL
94,60126,416839.0,27.0,1470,TOTAL
95,60130,39121.0,25.0,745,TOTAL
96,60131,9145.0,25.0,127,TOTAL
97,60133,6251.0,15.0,199,TOTAL
98,60134,183122.0,40.0,1134,TOTAL
99,60135,6887.0,43.5,86,TOTAL
100,60136,1541.0,35.0,42,TOTAL
101,60137,305491.0,50.0,1211,TOTAL
102,60139,12663.0,27.0,124,TOTAL
103,60140,10732.0,25.0,98,TOTAL
104,60141,650.0,250.0,3,TOTAL
105,60142,34299.0,35.0,432,TOTAL
106,60143,36185.0,50.0,180,TOTAL
107,60145,1855.0,25.0,17,TOTAL
108,60146,3900.0,500.0,12,TOTAL
109,60147,1336.0,37.0,22,TOTAL
110,60148,89460.0,50.0,831,TOTAL
111,60150,1173.0,24.0,28,TOTAL
112,60151,2618.0,50.0,54,TOTAL
113,60152,20863.0,50.0,133,TOTAL
114,60153,6926.0,19.0,32,TOTAL
115,60154,24758.0,35.0,371,TOTAL
116,60155,1248.0,25.0,11,TOTAL
117,60156,21427.0,25.0,196,TOTAL
118,60157,1112.0,15.0,8,TOTAL
119,60160,26310.0,20.0,123,TOTAL
120,60161,50.0,50.0,1,TOTAL
121,60162,10319.0,25.0,40,TOTAL
122,60163,1333.0,75.0,6,TOTAL
123,60164,3047.0,20.0,87,TOTAL
124,60169,36779.0,38.0,223,TOTAL
125,60171,7012.0,25.0,109,TOTAL
126,60172,16720.0,25.0,276,TOTAL
127,60173,73917.0,35.0,314,TOTAL
128,60174,312398.0,50.0,1003,TOTAL
129,60175,119413.0,100.0,478,TOTAL
130,60176,5925.0,20.0,77,TOTAL
131,60177,13685.0,25.0,175,TOTAL
132,60178,21927.0,40.0,287,TOTAL
133,60180,250.0,125.0,2,TOTAL
134,60181,107593.0,27.0,479,TOTAL
135,60184,27427.0,57.0,94,TOTAL
136,60185,69353.0,47.5,302,TOTAL
137,60186,900.0,900.0,1,TOTAL
138,60187,230985.0,50.0,987,TOTAL
139,60188,78351.0,25.0,494,TOTAL
140,60189,229544.0,50.0,929,TOTAL
141,60190,20470.0,27.0,259,TOTAL
142,60191,53022.0,50.0,182,TOTAL
143,60192,53143.0,50.0,336,TOTAL
144,60193,92762.0,25.0,752,TOTAL
145,60194,23498.0,41.0,136,TOTAL
146,60195,7447.0,157.5,34,TOTAL
147,60196,1575.0,100.0,7,TOTAL
148,60201,1150000.0,50.0,5340,TOTAL
149,60202,437508.0,38.0,2998,TOTAL
150,60203,106610.0,100.0,437,TOTAL
151,60204,3084.0,25.0,47,TOTAL
152,60208,3525.0,25.0,29,TOTAL
153,60301,22754.0,25.0,295,TOTAL
154,60302,574665.0,50.0,3743,TOTAL
155,60303,500.0,250.0,2,TOTAL
156,60304,115581.0,25.0,1382,TOTAL
157,60305,333228.0,50.0,892,TOTAL
158,60401,1401.0,30.0,30,TOTAL
159,60402,42777.0,19.0,781,TOTAL
160,60403,4811.0,25.0,63,TOTAL
161,60404,18673.0,25.0,258,TOTAL
162,60406,4887.0,5.0,172,TOTAL
163,60408,569.0,26.5,18,TOTAL
164,60409,6985.0,27.0,124,TOTAL
165,60410,7877.0,27.0,79,TOTAL
166,60411,22053.0,25.0,386,TOTAL
167,60412,100.0,100.0,1,TOTAL
168,60415,1570.0,15.0,26,TOTAL
169,60416,1625.0,25.0,43,TOTAL
170,60417,20706.0,50.0,266,TOTAL
171,60419,830.0,35.0,21,TOTAL
172,60420,2146.0,25.0,57,TOTAL
173,60421,3290.0,50.0,11,TOTAL
174,60422,96241.0,100.0,390,TOTAL
175,60423,75891.0,35.0,475,TOTAL
176,60424,3700.0,1850.0,2,TOTAL
177,60425,1009.0,38.0,20,TOTAL
178,60426,1027.0,20.0,15,TOTAL
179,60428,2410.0,50.0,35,TOTAL
180,60429,13735.0,25.0,106,TOTAL
181,60430,56297.0,25.0,415,TOTAL
182,60431,14093.0,27.0,188,TOTAL
183,60432,8561.0,50.0,68,TOTAL
184,60433,2281.0,50.0,17,TOTAL
185,60435,39856.0,35.0,344,TOTAL
186,60436,3916.0,20.0,78,TOTAL
187,60438,16281.0,25.0,176,TOTAL
188,60439,53486.0,50.0,233,TOTAL
189,60440,102607.0,25.0,554,TOTAL
190,60441,6324.0,25.0,174,TOTAL
191,60442,11134.0,25.0,115,TOTAL
192,60443,42188.0,27.0,204,TOTAL
193,60444,2237.0,125.0,12,TOTAL
194,60445,26072.0,25.0,214,TOTAL
195,60446,11855.0,15.0,255,TOTAL
196,60447,14426.0,50.0,100,TOTAL
197,60448,29447.0,50.0,254,TOTAL
198,60449,4188.0,50.0,49,TOTAL
199,60450,24025.0,50.0,198,TOTAL
200,60451,37153.0,25.0,559,TOTAL
201,60452,15909.0,20.5,224,TOTAL
202,60453,39686.0,26.0,424,TOTAL
203,60455,6310.0,8.0,75,TOTAL
204,60456,631.0,11.5,34,TOTAL
205,60457,7992.0,25.0,111,TOTAL
206,60458,984.0,50.0,20,TOTAL
207,60459,5642.0,10.0,96,TOTAL
208,60461,45037.0,38.0,311,TOTAL
209,60462,88172.0,25.0,576,TOTAL
210,60463,46433.0,50.0,251,TOTAL
211,60464,47632.0,54.0,228,TOTAL
212,60465,18703.0,25.0,162,TOTAL
213,60466,24131.0,50.0,362,TOTAL
214,60467,113699.0,25.0,496,TOTAL
215,60468,8299.0,25.0,110,TOTAL
216,60471,12340.0,250.0,29,TOTAL
217,60472,25.0,25.0,1,TOTAL
218,60473,16197.0,25.0,158,TOTAL
219,60475,702.0,50.0,14,TOTAL
220,60477,25694.0,25.0,371,TOTAL
221,60478,2978.0,25.0,87,TOTAL
222,60479,802.0,112.5,6,TOTAL
223,60480,26536.0,50.0,108,TOTAL
224,60481,236585.0,50.0,231,TOTAL
225,60482,1499.0,22.5,38,TOTAL
226,60484,1832.0,38.0,41,TOTAL
227,60487,21229.0,29.0,164,TOTAL
228,60490,40559.0,50.0,175,TOTAL
229,60491,31239.0,15.0,344,TOTAL
230,60501,750.0,25.0,17,TOTAL
231,60502,71925.0,25.0,471,TOTAL
232,60503,4332.0,30.0,66,TOTAL
233,60504,41262.0,27.0,383,TOTAL
234,60505,67810.0,25.0,329,TOTAL
235,60506,45099.0,27.0,559,TOTAL
236,60507,14620.0,1000.0,9,TOTAL
237,60510,64709.0,100.0,328,TOTAL
238,60511,20956.0,50.0,23,TOTAL
239,60512,1833.0,100.0,27,TOTAL
240,60513,15944.0,25.0,292,TOTAL
241,60514,65438.0,50.0,211,TOTAL
242,60515,144300.0,25.0,1182,TOTAL
243,60516,69229.0,25.0,918,TOTAL
244,60517,70091.0,50.0,313,TOTAL
245,60518,1079.0,50.0,23,TOTAL
246,60520,2740.0,225.0,12,TOTAL
247,60521,848249.0,100.0,1222,TOTAL
248,60522,20654.0,100.0,37,TOTAL
249,60523,395998.0,200.0,768,TOTAL
250,60525,205777.0,37.0,950,TOTAL
251,60526,35932.0,50.0,178,TOTAL
252,60527,444146.0,59.0,1210,TOTAL
253,60530,650.0,250.0,3,TOTAL
254,60531,925.0,100.0,8,TOTAL
255,60532,81146.0,25.0,723,TOTAL
256,60534,1018.0,50.0,18,TOTAL
257,60537,270.0,135.0,2,TOTAL
258,60538,8406.0,19.0,209,TOTAL
259,60539,220.0,35.0,7,TOTAL
260,60540,294386.0,50.0,1448,TOTAL
261,60541,335.0,35.0,9,TOTAL
262,60542,30107.0,25.0,256,TOTAL
263,60543,22605.0,25.0,564,TOTAL
264,60544,34980.0,50.0,176,TOTAL
265,60545,9550.0,25.0,86,TOTAL
266,60546,55627.0,50.0,423,TOTAL
267,60548,6469.0,50.0,68,TOTAL
268,60550,560.0,27.0,12,TOTAL
269,60551,1026.0,38.0,24,TOTAL
270,60552,2478.0,25.0,56,TOTAL
271,60553,319.0,27.0,4,TOTAL
272,60554,76900.0,50.0,362,TOTAL
273,60555,50749.0,50.0,339,TOTAL
274,60556,1900.0,300.0,5,TOTAL
275,60558,168565.0,100.0,543,TOTAL
276,60559,37542.0,25.0,262,TOTAL
277,60560,21983.0,30.0,217,TOTAL
278,60561,84150.0,50.0,416,TOTAL
279,60563,120689.0,27.0,825,TOTAL
280,60564,131287.0,35.0,934,TOTAL
281,60565,142670.0,37.0,1184,TOTAL
282,60566,14500.0,2700.0,6,TOTAL
283,60567,3065.0,60.0,7,TOTAL
284,60569,500.0,500.0,1,TOTAL
285,60585,20821.0,38.0,272,TOTAL
286,60586,11836.0,25.0,250,TOTAL
287,60601,1135950.0,100.0,1610,TOTAL
288,60602,785479.0,500.0,820,TOTAL
289,60603,774137.0,250.0,539,TOTAL
290,60604,154746.0,250.0,201,TOTAL
291,60605,582238.0,50.0,2382,TOTAL
292,60606,1453128.0,500.0,1072,TOTAL
293,60607,392762.0,50.0,1219,TOTAL
294,60608,101083.0,27.0,746,TOTAL
295,60609,36871.0,50.0,217,TOTAL
296,60610,1923086.0,100.0,3792,TOTAL
297,60611,3971798.0,200.0,5264,TOTAL
298,60612,55709.0,25.0,560,TOTAL
299,60613,477465.0,35.0,3073,TOTAL
300,60614,3107386.0,100.0,6060,TOTAL
301,60615,393184.0,50.0,2376,TOTAL
302,60616,243799.0,50.0,924,TOTAL
303,60617,36186.0,27.0,297,TOTAL
304,60618,319232.0,28.0,2169,TOTAL
305,60619,31821.0,50.0,179,TOTAL
306,60620,30870.0,36.5,98,TOTAL
307,60622,443783.0,27.0,2635,TOTAL
308,60623,12285.0,25.0,167,TOTAL
309,60624,2835.0,15.0,20,TOTAL
310,60625,219514.0,27.0,2493,TOTAL
311,60626,137490.0,25.0,2056,TOTAL
312,60628,20760.0,25.0,213,TOTAL
313,60629,10731.0,25.0,110,TOTAL
314,60630,57951.0,25.0,814,TOTAL
315,60631,29754.0,20.0,298,TOTAL
316,60632,36195.0,27.0,274,TOTAL
317,60633,1778.0,27.0,27,TOTAL
318,60634,32759.0,27.0,463,TOTAL
319,60636,3694.0,50.0,22,TOTAL
320,60637,409336.0,50.0,1929,TOTAL
321,60638,39541.0,38.0,263,TOTAL
322,60639,7480.0,27.0,111,TOTAL
323,60640,537074.0,25.0,4830,TOTAL
324,60641,74226.0,27.0,912,TOTAL
325,60642,185792.0,50.0,782,TOTAL
326,60643,137577.0,26.0,1072,TOTAL
327,60644,10396.0,27.0,65,TOTAL
328,60645,138351.0,25.0,1152,TOTAL
329,60646,99946.0,35.0,719,TOTAL
330,60647,382812.0,27.0,2560,TOTAL
331,60649,152089.0,50.0,429,TOTAL
332,60651,16303.0,25.0,135,TOTAL
333,60652,11072.0,20.0,230,TOTAL
334,60653,52645.0,50.0,237,TOTAL
335,60654,1031755.0,200.0,1659,TOTAL
336,60655,20568.0,27.0,186,TOTAL
337,60656,15287.0,5.0,671,TOTAL
338,60657,1142124.0,36.0,5507,TOTAL
339,60659,144126.0,25.0,763,TOTAL
340,60660,244297.0,25.0,2706,TOTAL
341,60661,251135.0,50.0,586,TOTAL
342,60664,216.0,26.5,8,TOTAL
343,60670,1000.0,500.0,2,TOTAL
344,60680,199299.0,1700.0,95,TOTAL
345,60681,5200.0,1000.0,4,TOTAL
346,60690,4689.0,19.0,53,TOTAL
347,60706,6625.0,38.0,114,TOTAL
348,60707,46848.0,27.0,541,TOTAL
349,60712,188156.0,100.0,397,TOTAL
350,60714,53213.0,27.0,301,TOTAL
351,60803,4140.0,35.0,81,TOTAL
352,60804,7959.0,25.0,119,TOTAL
353,60805,52499.0,25.0,247,TOTAL
354,60810,500.0,500.0,1,TOTAL
355,60811,1000.0,1000.0,1,TOTAL
356,60827,1220.0,5.0,29,TOTAL
357,60840,50.0,50.0,1,TOTAL
358,60901,16472.0,27.0,219,TOTAL
359,60910,590.0,150.0,4,TOTAL
360,60911,131.0,27.0,4,TOTAL
361,60913,481.0,15.0,19,TOTAL
362,60914,20478.0,25.0,242,TOTAL
363,60915,3202.0,40.0,53,TOTAL
364,60918,191.0,5.0,16,TOTAL
365,60919,4723.0,35.0,86,TOTAL
366,60920,376.0,27.0,11,TOTAL
367,60922,3560.0,100.0,16,TOTAL
368,60924,1638.0,19.0,36,TOTAL
369,60927,90.0,25.0,5,TOTAL
370,60928,240.0,60.0,4,TOTAL
371,60930,450.0,50.0,5,TOTAL
372,60932,100.0,50.0,2,TOTAL
373,60935,433.0,28.0,15,TOTAL
374,60936,2560.0,52.0,34,TOTAL
375,60938,447.0,100.0,5,TOTAL
376,60940,1250.0,625.0,2,TOTAL
377,60941,2114.0,110.0,15,TOTAL
378,60942,1202.0,100.0,7,TOTAL
379,60945,430.0,215.0,2,TOTAL
380,60948,587.0,14.5,10,TOTAL
381,60950,15927.0,3.0,636,TOTAL
382,60951,1054.0,27.0,3,TOTAL
383,60952,150.0,150.0,1,TOTAL
384,60953,2575.0,250.0,12,TOTAL
385,60954,2236.0,50.0,27,TOTAL
386,60957,2121.0,50.0,26,TOTAL
387,60958,250.0,250.0,1,TOTAL
388,60960,200.0,200.0,1,TOTAL
389,60961,57.0,15.0,3,TOTAL
390,60963,3605.0,20.0,53,TOTAL
391,60964,6099.0,50.0,59,TOTAL
392,60966,1025.0,100.0,13,TOTAL
393,60968,800.0,225.0,4,TOTAL
394,60970,13565.0,100.0,35,TOTAL
395,60973,160.0,80.0,2,TOTAL
396,60983,25.0,25.0,1,TOTAL
397,61001,575.0,50.0,3,TOTAL
398,61006,300.0,10.0,13,TOTAL
399,61007,100.0,15.0,6,TOTAL
400,61008,40969.0,25.0,501,TOTAL
401,61010,5261.0,50.0,42,TOTAL
402,61011,5707.0,75.0,32,TOTAL
403,61012,672.0,15.0,37,TOTAL
404,61016,5477.0,100.0,45,TOTAL
405,61019,5595.0,25.0,125,TOTAL
406,61020,3196.0,54.0,43,TOTAL
407,61021,12731.0,27.0,149,TOTAL
408,61024,4905.0,35.0,47,TOTAL
409,61025,1847.0,50.0,25,TOTAL
410,61028,1153.0,100.0,9,TOTAL
411,61030,1150.0,100.0,3,TOTAL
412,61031,1350.0,100.0,8,TOTAL
413,61032,13622.0,25.0,183,TOTAL
414,61036,20801.0,36.5,170,TOTAL
415,61038,350.0,100.0,4,TOTAL
416,61041,1260.0,100.0,14,TOTAL
417,61042,514.0,15.0,17,TOTAL
418,61046,11638.0,200.0,14,TOTAL
419,61048,1175.0,75.0,8,TOTAL
420,61049,550.0,275.0,2,TOTAL
421,61051,365.0,50.0,6,TOTAL
422,61052,700.0,20.0,9,TOTAL
423,61053,2571.0,25.0,61,TOTAL
424,61054,2078.0,50.0,27,TOTAL
425,61060,266.0,25.0,10,TOTAL
426,61061,11350.0,37.5,120,TOTAL
427,61062,11300.0,250.0,37,TOTAL
428,61063,3872.0,50.0,25,TOTAL
429,61064,761.0,10.0,31,TOTAL
430,61065,5979.0,25.0,68,TOTAL
431,61067,1074.0,10.0,63,TOTAL
432,61068,3878.0,25.0,78,TOTAL
433,61070,601.0,27.0,20,TOTAL
434,61071,5458.0,28.5,74,TOTAL
435,61072,8394.0,27.0,131,TOTAL
436,61073,29508.0,37.0,276,TOTAL
437,61074,7633.0,75.0,62,TOTAL
438,61078,264.0,66.5,4,TOTAL
439,61079,547.0,31.0,7,TOTAL
440,61080,7645.0,25.0,113,TOTAL
441,61081,17832.0,25.0,316,TOTAL
442,61084,2189.0,50.0,33,TOTAL
443,61085,1455.0,20.0,22,TOTAL
444,61087,77.0,15.0,5,TOTAL
445,61088,2929.0,27.0,35,TOTAL
446,61089,1015.0,25.0,24,TOTAL
447,61101,5037.0,50.0,35,TOTAL
448,61102,3126.0,35.0,49,TOTAL
449,61103,25616.0,27.0,297,TOTAL
450,61104,2600.0,50.0,36,TOTAL
451,61105,1000.0,1000.0,1,TOTAL
452,61107,130748.0,50.0,566,TOTAL
453,61108,29623.0,25.0,292,TOTAL
454,61109,7340.0,35.0,105,TOTAL
455,61110,10916.0,35.0,10,TOTAL
456,61111,19693.0,25.0,142,TOTAL
457,61114,48546.0,35.0,374,TOTAL
458,61115,4208.0,50.0,65,TOTAL
459,61125,835.0,25.0,19,TOTAL
460,61126,270.0,67.5,4,TOTAL
461,61132,23500.0,2700.0,13,TOTAL
462,61201,75771.0,50.0,608,TOTAL
463,61230,100.0,100.0,1,TOTAL
464,61231,14809.0,150.0,31,TOTAL
465,61235,2800.0,35.0,39,TOTAL
466,61238,325.0,25.0,10,TOTAL
467,61240,9679.0,76.5,18,TOTAL
468,61241,405.0,27.0,7,TOTAL
469,61242,375.0,10.0,13,TOTAL
470,61244,19275.0,25.0,253,TOTAL
471,61250,5155.0,25.0,13,TOTAL
472,61251,175.0,50.0,3,TOTAL
473,61252,1679.0,50.0,21,TOTAL
474,61254,55179.0,75.0,291,TOTAL
475,61256,1665.0,25.0,25,TOTAL
476,61257,240.0,120.0,2,TOTAL
477,61259,1100.0,250.0,4,TOTAL
478,61260,503.0,25.0,11,TOTAL
479,61262,250.0,250.0,1,TOTAL
480,61263,100.0,50.0,2,TOTAL
481,61264,50291.0,50.0,112,TOTAL
482,61265,54766.0,32.5,526,TOTAL
483,61266,17750.0,375.0,22,TOTAL
484,61270,5301.0,24.0,48,TOTAL
485,61272,200.0,100.0,2,TOTAL
486,61273,9304.0,50.0,55,TOTAL
487,61275,8321.0,15.0,123,TOTAL
488,61277,2041.0,21.0,33,TOTAL
489,61278,1500.0,250.0,3,TOTAL
490,61279,250.0,250.0,1,TOTAL
491,61281,4731.0,10.0,67,TOTAL
492,61282,3424.0,10.0,144,TOTAL
493,61283,2566.0,2566.0,1,TOTAL
494,61284,47660.0,25.0,140,TOTAL
495,61285,2354.0,25.0,101,TOTAL
496,61301,5090.0,35.0,70,TOTAL
497,61310,933.0,30.0,19,TOTAL
498,61311,314.0,50.0,7,TOTAL
499,61318,1107.0,50.0,25,TOTAL
500,61323,195.0,35.0,5,TOTAL
501,61325,225.0,11.5,10,TOTAL
502,61326,200.0,50.0,3,TOTAL
503,61327,17410.0,2700.0,9,TOTAL
504,61329,2250.0,375.0,6,TOTAL
505,61333,302.0,10.0,26,TOTAL
506,61334,355.0,25.0,17,TOTAL
507,61340,650.0,150.0,4,TOTAL
508,61341,2302.0,25.0,45,TOTAL
509,61342,7461.0,19.0,125,TOTAL
510,61344,315.0,35.0,9,TOTAL
511,61345,2100.0,275.0,4,TOTAL
512,61348,3998.0,25.0,69,TOTAL
513,61349,3044.0,27.0,88,TOTAL
514,61350,37573.0,25.0,338,TOTAL
515,61353,126.0,27.0,7,TOTAL
516,61354,9851.0,36.5,120,TOTAL
517,61356,31025.0,50.0,101,TOTAL
518,61358,516.0,89.0,7,TOTAL
519,61359,400.0,100.0,4,TOTAL
520,61360,610.0,75.0,6,TOTAL
521,61361,666.0,10.0,45,TOTAL
522,61362,7055.0,35.0,49,TOTAL
523,61364,4160.0,25.0,107,TOTAL
524,61367,585.0,25.0,20,TOTAL
525,61368,3555.0,50.0,50,TOTAL
526,61369,2117.0,220.0,11,TOTAL
527,61370,891.0,50.0,16,TOTAL
528,61373,871.0,50.0,18,TOTAL
529,61375,6100.0,300.0,5,TOTAL
530,61376,744.0,50.0,16,TOTAL
531,61377,2300.0,250.0,9,TOTAL
532,61379,300.0,25.0,12,TOTAL
533,61401,55873.0,50.0,496,TOTAL
534,61402,35.0,35.0,1,TOTAL
535,61410,1144.0,25.0,29,TOTAL
536,61411,370.0,17.5,8,TOTAL
537,61412,275.0,50.0,5,TOTAL
538,61413,5400.0,2700.0,2,TOTAL
539,61414,8390.0,765.0,13,TOTAL
540,61415,4380.0,50.0,48,TOTAL
541,61418,60.0,30.0,2,TOTAL
542,61419,330.0,110.0,3,TOTAL
543,61421,1025.0,100.0,10,TOTAL
544,61422,6878.0,25.0,19,TOTAL
545,61425,38.0,19.0,2,TOTAL
546,61427,863.0,25.0,16,TOTAL
547,61430,1500.0,750.0,2,TOTAL
548,61434,3830.0,50.0,43,TOTAL
549,61436,382.0,30.0,5,TOTAL
550,61438,784.0,25.0,33,TOTAL
551,61441,903.0,25.0,29,TOTAL
552,61442,700.0,75.0,4,TOTAL
553,61443,5423.0,27.0,123,TOTAL
554,61447,250.0,250.0,1,TOTAL
555,61448,4009.0,50.0,31,TOTAL
556,61451,200.0,100.0,2,TOTAL
557,61453,645.0,20.0,10,TOTAL
558,61455,32666.0,30.0,343,TOTAL
559,61458,1666.0,50.0,29,TOTAL
560,61459,500.0,500.0,1,TOTAL
561,61462,4741.0,100.0,58,TOTAL
562,61466,400.0,200.0,2,TOTAL
563,61467,105.0,10.0,10,TOTAL
564,61469,175.0,50.0,4,TOTAL
565,61470,450.0,75.0,6,TOTAL
566,61472,374.0,35.0,13,TOTAL
567,61473,1953.0,100.0,30,TOTAL
568,61474,35.0,35.0,1,TOTAL
569,61476,250.0,250.0,1,TOTAL
570,61477,54.0,27.0,2,TOTAL
571,61480,650.0,200.0,3,TOTAL
572,61483,403.0,25.0,15,TOTAL
573,61484,862.0,25.0,23,TOTAL
574,61485,790.0,25.0,35,TOTAL
575,61488,1065.0,10.0,7,TOTAL
576,61489,7400.0,1850.0,4,TOTAL
577,61491,16177.0,500.0,39,TOTAL
578,61492,500.0,500.0,1,TOTAL
579,61501,250.0,250.0,1,TOTAL
580,61517,27704.0,80.0,73,TOTAL
581,61520,10507.0,25.0,225,TOTAL
582,61523,7055.0,27.0,81,TOTAL
583,61525,101197.0,100.0,292,TOTAL
584,61526,3540.0,100.0,24,TOTAL
585,61528,83917.0,150.0,87,TOTAL
586,61529,1670.0,35.0,39,TOTAL
587,61530,48797.0,55.0,159,TOTAL
588,61531,11600.0,850.0,12,TOTAL
589,61532,559.0,20.0,29,TOTAL
590,61533,3850.0,200.0,12,TOTAL
591,61534,245.0,15.0,15,TOTAL
592,61535,7450.0,100.0,19,TOTAL
593,61536,9101.0,175.0,20,TOTAL
594,61537,1400.0,50.0,23,TOTAL
595,61540,29690.0,250.0,26,TOTAL
596,61542,979.0,27.0,26,TOTAL
597,61545,525.0,25.0,17,TOTAL
598,61546,537.0,8.0,44,TOTAL
599,61547,779.0,29.0,9,TOTAL
600,61548,49056.0,39.0,228,TOTAL
601,61550,140320.0,100.0,296,TOTAL
602,61552,100.0,100.0,1,TOTAL
603,61554,41237.0,50.0,394,TOTAL
604,61555,1150.0,200.0,6,TOTAL
605,61559,5397.0,50.0,56,TOTAL
606,61560,492.0,5.0,48,TOTAL
607,61561,7380.0,150.0,32,TOTAL
608,61565,100.0,100.0,1,TOTAL
609,61568,5211.0,40.0,85,TOTAL
610,61569,6400.0,2700.0,3,TOTAL
611,61570,750.0,250.0,3,TOTAL
612,61571,38947.0,50.0,219,TOTAL
613,61572,150.0,50.0,3,TOTAL
614,61601,500.0,250.0,2,TOTAL
615,61602,52149.0,200.0,103,TOTAL
616,61603,24021.0,50.0,94,TOTAL
617,61604,30246.0,25.0,328,TOTAL
618,61605,891.0,35.0,23,TOTAL
619,61606,55733.0,36.0,332,TOTAL
620,61607,2066.0,75.0,24,TOTAL
621,61610,427.0,50.0,5,TOTAL
622,61611,62403.0,50.0,315,TOTAL
623,61612,14317.0,250.0,24,TOTAL
624,61614,301146.0,100.0,837,TOTAL
625,61615,457965.0,250.0,713,TOTAL
626,61616,59743.0,220.0,97,TOTAL
627,61629,2500.0,2500.0,1,TOTAL
628,61650,10425.0,250.0,38,TOTAL
629,61651,1700.0,250.0,6,TOTAL
630,61701,95479.0,28.0,821,TOTAL
631,61702,4557.0,25.0,43,TOTAL
632,61704,137517.0,50.0,746,TOTAL
633,61705,31584.0,32.5,330,TOTAL
634,61707,35.0,35.0,1,TOTAL
635,61720,500.0,100.0,5,TOTAL
636,61723,1355.0,100.0,19,TOTAL
637,61725,5240.0,35.0,62,TOTAL
638,61726,1000.0,1000.0,1,TOTAL
639,61727,6622.0,26.0,84,TOTAL
640,61728,500.0,250.0,2,TOTAL
641,61729,23220.0,2700.0,15,TOTAL
642,61731,150.0,75.0,2,TOTAL
643,61732,2545.0,50.0,13,TOTAL
644,61733,750.0,375.0,2,TOTAL
645,61734,3588.0,100.0,30,TOTAL
646,61736,1305.0,27.0,25,TOTAL
647,61738,2889.0,20.0,91,TOTAL
648,61739,10883.0,100.0,52,TOTAL
649,61740,142.0,71.0,2,TOTAL
650,61742,3005.0,100.0,20,TOTAL
651,61743,80.0,10.0,5,TOTAL
652,61744,11065.0,100.0,31,TOTAL
653,61745,3311.0,35.0,71,TOTAL
654,61747,10765.0,250.0,30,TOTAL
655,61748,6591.0,100.0,42,TOTAL
656,61752,5898.0,15.0,11,TOTAL
657,61753,1664.0,20.0,34,TOTAL
658,61754,623.0,50.0,14,TOTAL
659,61755,1436.0,50.0,20,TOTAL
660,61756,20.0,5.0,3,TOTAL
661,61759,1510.0,50.0,25,TOTAL
662,61760,401.0,53.0,4,TOTAL
663,61761,46560.0,27.0,693,TOTAL
664,61764,5909.0,50.0,79,TOTAL
665,61769,899.0,74.5,12,TOTAL
666,61770,15.0,15.0,1,TOTAL
667,61771,250.0,250.0,1,TOTAL
668,61772,165.0,10.0,10,TOTAL
669,61774,1550.0,250.0,5,TOTAL
670,61775,100.0,100.0,1,TOTAL
671,61776,1371.0,585.0,3,TOTAL
672,61801,152290.0,50.0,1169,TOTAL
673,61802,43692.0,50.0,558,TOTAL
674,61803,640.0,25.0,10,TOTAL
675,61810,500.0,500.0,1,TOTAL
676,61813,5002.0,100.0,45,TOTAL
677,61814,735.0,22.5,20,TOTAL
678,61815,40.0,10.0,4,TOTAL
679,61816,249.0,249.0,1,TOTAL
680,61817,835.0,142.5,6,TOTAL
681,61818,65.0,10.0,6,TOTAL
682,61820,74213.0,27.0,583,TOTAL
683,61821,95564.0,40.0,979,TOTAL
684,61822,113707.0,27.0,910,TOTAL
685,61824,3800.0,200.0,15,TOTAL
686,61825,305.0,100.0,3,TOTAL
687,61826,1565.0,10.0,10,TOTAL
688,61832,87387.0,30.0,159,TOTAL
689,61833,100.0,25.0,4,TOTAL
690,61834,10001.0,62.5,46,TOTAL
691,61839,500.0,500.0,1,TOTAL
692,61840,1001.0,15.0,16,TOTAL
693,61841,1590.0,50.0,20,TOTAL
694,61842,1793.0,50.0,17,TOTAL
695,61843,2225.0,50.0,21,TOTAL
696,61844,350.0,175.0,2,TOTAL
697,61845,175.0,50.0,3,TOTAL
698,61846,535.0,100.0,7,TOTAL
699,61847,350.0,100.0,3,TOTAL
700,61849,612.0,35.0,21,TOTAL
701,61851,1359.0,50.0,26,TOTAL
702,61853,23697.0,25.0,205,TOTAL
703,61854,932.0,25.0,25,TOTAL
704,61856,55702.0,35.0,215,TOTAL
705,61859,1250.0,200.0,7,TOTAL
706,61862,751.0,50.0,11,TOTAL
707,61863,352.0,10.0,8,TOTAL
708,61864,1959.0,1959.0,1,TOTAL
709,61865,29.0,7.0,3,TOTAL
710,61866,5940.0,50.0,45,TOTAL
711,61873,3854.0,42.5,36,TOTAL
712,61874,9511.0,27.0,130,TOTAL
713,61875,1350.0,100.0,6,TOTAL
714,61877,105.0,30.0,3,TOTAL
715,61878,240.0,50.0,5,TOTAL
716,61880,18200.0,375.0,15,TOTAL
717,61883,1247.0,10.0,48,TOTAL
718,61884,1510.0,25.0,16,TOTAL
719,61910,100.0,50.0,2,TOTAL
720,61911,670.0,50.0,9,TOTAL
721,61912,2725.0,100.0,14,TOTAL
722,61913,4341.0,73.5,50,TOTAL
723,61914,99.0,20.0,5,TOTAL
724,61917,650.0,50.0,13,TOTAL
725,61920,20125.0,25.0,350,TOTAL
726,61924,987.0,141.0,7,TOTAL
727,61925,400.0,200.0,2,TOTAL
728,61929,5000.0,100.0,55,TOTAL
729,61931,145.0,42.5,4,TOTAL
730,61933,50.0,50.0,1,TOTAL
731,61937,262.0,27.0,7,TOTAL
732,61938,8186.0,50.0,89,TOTAL
733,61940,751.0,100.0,6,TOTAL
734,61942,1287.0,14.0,17,TOTAL
735,61943,1220.0,35.0,27,TOTAL
736,61944,15383.0,20.0,190,TOTAL
737,61951,6278.0,100.0,43,TOTAL
738,61953,2492.0,100.0,18,TOTAL
739,61956,1908.0,50.0,26,TOTAL
740,61957,1019.0,25.0,24,TOTAL
741,62001,2216.0,17.5,46,TOTAL
742,62002,104124.0,30.0,291,TOTAL
743,62010,11375.0,25.0,164,TOTAL
744,62012,2666.0,50.0,21,TOTAL
745,62013,250.0,50.0,4,TOTAL
746,62014,250.0,62.5,4,TOTAL
747,62016,22985.0,250.0,82,TOTAL
748,62017,135.0,67.5,2,TOTAL
749,62018,3970.0,50.0,47,TOTAL
750,62021,5000.0,1000.0,6,TOTAL
751,62022,1856.0,47.5,14,TOTAL
752,62024,8555.0,42.5,52,TOTAL
753,62025,331277.0,50.0,829,TOTAL
754,62027,860.0,175.0,4,TOTAL
755,62028,1791.0,62.5,24,TOTAL
756,62032,108.0,27.0,4,TOTAL
757,62033,1851.0,25.0,31,TOTAL
758,62034,50524.0,35.0,343,TOTAL
759,62035,54164.0,30.0,299,TOTAL
760,62036,500.0,500.0,1,TOTAL
761,62037,500.0,75.0,6,TOTAL
762,62040,23126.0,25.0,193,TOTAL
763,62044,125.0,125.0,1,TOTAL
764,62047,600.0,300.0,2,TOTAL
765,62048,2750.0,250.0,5,TOTAL
766,62049,15266.0,88.0,67,TOTAL
767,62050,70.0,35.0,2,TOTAL
768,62052,9353.0,52.0,101,TOTAL
769,62054,180.0,30.0,6,TOTAL
770,62056,10663.0,50.0,80,TOTAL
771,62061,750.0,200.0,3,TOTAL
772,62062,16490.0,15.0,221,TOTAL
773,62063,1300.0,50.0,8,TOTAL
774,62067,31400.0,500.0,52,TOTAL
775,62069,516.0,25.0,11,TOTAL
776,62070,500.0,500.0,1,TOTAL
777,62074,757.0,50.0,16,TOTAL
778,62075,14595.0,100.0,62,TOTAL
779,62080,100.0,100.0,1,TOTAL
780,62081,8891.0,1000.0,7,TOTAL
781,62082,250.0,250.0,1,TOTAL
782,62086,645.0,25.0,12,TOTAL
783,62088,1499.0,17.5,44,TOTAL
784,62092,1448.0,25.0,32,TOTAL
785,62094,550.0,250.0,3,TOTAL
786,62095,2898.0,50.0,28,TOTAL
787,62097,10214.0,38.5,26,TOTAL
788,62201,6677.0,35.0,15,TOTAL
789,62203,478.0,50.0,9,TOTAL
790,62204,2042.0,520.5,4,TOTAL
791,62205,4818.0,25.0,21,TOTAL
792,62206,6153.0,35.0,46,TOTAL
793,62207,876.0,75.0,7,TOTAL
794,62208,38905.0,50.0,310,TOTAL
795,62216,2012.0,38.0,18,TOTAL
796,62217,1950.0,100.0,8,TOTAL
797,62218,926.0,50.0,14,TOTAL
798,62220,154237.0,100.0,375,TOTAL
799,62221,72114.0,50.0,268,TOTAL
800,62222,1000.0,1000.0,1,TOTAL
801,62223,149948.0,50.0,470,TOTAL
802,62225,200.0,50.0,3,TOTAL
803,62226,239477.0,50.0,566,TOTAL
804,62230,7644.0,10.0,46,TOTAL
805,62231,68605.0,50.0,76,TOTAL
806,62232,10049.0,100.0,51,TOTAL
807,62233,28266.0,25.0,185,TOTAL
808,62234,51561.0,50.0,264,TOTAL
809,62236,64659.0,50.0,208,TOTAL
810,62237,850.0,100.0,7,TOTAL
811,62239,175.0,25.0,6,TOTAL
812,62240,20.0,20.0,1,TOTAL
813,62241,6450.0,625.0,6,TOTAL
814,62242,5747.0,57.0,11,TOTAL
815,62243,9714.0,35.0,88,TOTAL
816,62244,1621.0,75.0,19,TOTAL
817,62246,13293.0,25.0,90,TOTAL
818,62248,250.0,250.0,1,TOTAL
819,62249,30284.0,100.0,114,TOTAL
820,62253,250.0,125.0,2,TOTAL
821,62254,21739.0,50.0,132,TOTAL
822,62256,1483.0,15.0,76,TOTAL
823,62257,229.0,25.0,8,TOTAL
824,62258,16470.0,50.0,68,TOTAL
825,62260,14865.0,100.0,56,TOTAL
826,62261,250.0,250.0,1,TOTAL
827,62262,895.0,67.5,12,TOTAL
828,62263,31400.0,500.0,33,TOTAL
829,62264,805.0,150.0,5,TOTAL
830,62265,1915.0,17.5,14,TOTAL
831,62268,100.0,50.0,2,TOTAL
832,62269,151707.0,50.0,612,TOTAL
833,62271,1611.0,25.0,22,TOTAL
834,62274,24066.0,250.0,67,TOTAL
835,62275,250.0,250.0,1,TOTAL
836,62278,32810.0,250.0,47,TOTAL
837,62280,600.0,175.0,4,TOTAL
838,62281,18621.0,100.0,63,TOTAL
839,62282,750.0,250.0,3,TOTAL
840,62285,17845.0,100.0,101,TOTAL
841,62286,2741.0,100.0,18,TOTAL
842,62288,1700.0,250.0,7,TOTAL
843,62293,8905.0,35.0,59,TOTAL
844,62294,26661.0,40.0,141,TOTAL
845,62295,1814.0,50.0,39,TOTAL
846,62298,42593.0,100.0,190,TOTAL
847,62301,74828.0,100.0,270,TOTAL
848,62305,205570.0,100.0,357,TOTAL
849,62306,14665.0,500.0,24,TOTAL
850,62311,75.0,37.5,2,TOTAL
851,62319,140.0,35.0,4,TOTAL
852,62320,3138.0,50.0,41,TOTAL
853,62321,956.0,25.0,33,TOTAL
854,62324,650.0,50.0,9,TOTAL
855,62326,2607.0,35.0,39,TOTAL
856,62330,1763.0,100.0,16,TOTAL
857,62334,470.0,110.0,4,TOTAL
858,62340,700.0,175.0,4,TOTAL
859,62341,1830.0,50.0,30,TOTAL
860,62343,1550.0,250.0,5,TOTAL
861,62347,4890.0,40.0,24,TOTAL
862,62349,90.0,25.0,3,TOTAL
863,62351,245.0,20.0,9,TOTAL
864,62353,6970.0,250.0,13,TOTAL
865,62354,23646.0,50.0,22,TOTAL
866,62356,500.0,250.0,2,TOTAL
867,62358,1150.0,200.0,6,TOTAL
868,62359,600.0,150.0,4,TOTAL
869,62360,1000.0,50.0,9,TOTAL
870,62363,3971.0,52.0,33,TOTAL
871,62365,950.0,50.0,6,TOTAL
872,62366,10.0,10.0,1,TOTAL
873,62367,150.0,150.0,1,TOTAL
874,62370,500.0,250.0,2,TOTAL
875,62374,150.0,75.0,2,TOTAL
876,62376,502.0,50.0,8,TOTAL
877,62379,200.0,100.0,2,TOTAL
878,62401,42860.0,50.0,201,TOTAL
879,62411,1052.0,113.5,6,TOTAL
880,62414,1035.0,100.0,7,TOTAL
881,62417,225.0,112.5,2,TOTAL
882,62418,500.0,250.0,2,TOTAL
883,62420,1550.0,75.0,12,TOTAL
884,62424,900.0,100.0,6,TOTAL
885,62426,875.0,50.0,10,TOTAL
886,62427,75.0,37.5,2,TOTAL
887,62428,1464.0,50.0,25,TOTAL
888,62431,100.0,100.0,1,TOTAL
889,62433,50.0,25.0,2,TOTAL
890,62439,1418.0,30.0,18,TOTAL
891,62440,2785.0,250.0,3,TOTAL
892,62441,4917.0,31.5,30,TOTAL
893,62442,2350.0,100.0,18,TOTAL
894,62443,180.0,25.0,5,TOTAL
895,62444,449.0,50.0,7,TOTAL
896,62447,677.0,20.0,22,TOTAL
897,62448,1400.0,250.0,6,TOTAL
898,62449,390.0,25.0,10,TOTAL
899,62450,8120.0,27.0,95,TOTAL
900,62451,653.0,326.5,2,TOTAL
901,62452,950.0,250.0,4,TOTAL
902,62454,11842.0,75.0,79,TOTAL
903,62458,50.0,50.0,1,TOTAL
904,62461,170.0,8.0,18,TOTAL
905,62462,350.0,100.0,4,TOTAL
906,62463,375.0,100.0,3,TOTAL
907,62464,250.0,250.0,1,TOTAL
908,62467,6339.0,100.0,34,TOTAL
909,62468,1040.0,37.5,20,TOTAL
910,62471,1455.0,30.5,20,TOTAL
911,62476,400.0,200.0,2,TOTAL
912,62477,125.0,62.5,2,TOTAL
913,62478,175.0,50.0,3,TOTAL
914,62479,200.0,100.0,2,TOTAL
915,62501,1675.0,100.0,11,TOTAL
916,62510,1100.0,275.0,4,TOTAL
917,62513,2622.0,200.0,15,TOTAL
918,62515,339.0,14.5,12,TOTAL
919,62517,500.0,500.0,1,TOTAL
920,62518,131.0,50.0,3,TOTAL
921,62521,48688.0,100.0,319,TOTAL
922,62522,9624.0,25.0,142,TOTAL
923,62523,500.0,500.0,1,TOTAL
924,62524,800.0,25.0,12,TOTAL
925,62525,1808.0,88.0,16,TOTAL
926,62526,49355.0,50.0,249,TOTAL
927,62530,1916.0,25.0,13,TOTAL
928,62531,1100.0,100.0,7,TOTAL
929,62533,375.0,187.5,2,TOTAL
930,62534,450.0,25.0,10,TOTAL
931,62535,29586.0,35.0,152,TOTAL
932,62536,2610.0,200.0,15,TOTAL
933,62538,250.0,250.0,1,TOTAL
934,62539,2183.0,100.0,19,TOTAL
935,62540,513.0,100.0,7,TOTAL
936,62543,150.0,150.0,1,TOTAL
937,62544,780.0,50.0,11,TOTAL
938,62545,1540.0,50.0,16,TOTAL
939,62546,1693.0,100.0,12,TOTAL
940,62547,155.0,20.0,5,TOTAL
941,62548,1250.0,100.0,11,TOTAL
942,62549,14136.0,250.0,42,TOTAL
943,62550,1760.0,75.0,15,TOTAL
944,62551,436.0,35.0,10,TOTAL
945,62553,500.0,500.0,1,TOTAL
946,62555,650.0,25.0,7,TOTAL
947,62556,50.0,50.0,1,TOTAL
948,62557,10457.0,100.0,39,TOTAL
949,62558,1370.0,50.0,19,TOTAL
950,62560,5290.0,30.0,37,TOTAL
951,62561,1470.0,80.0,16,TOTAL
952,62563,5710.0,25.0,66,TOTAL
953,62565,4510.0,30.0,64,TOTAL
954,62567,4664.0,100.0,35,TOTAL
955,62568,41769.0,100.0,172,TOTAL
956,62570,50.0,50.0,1,TOTAL
957,62571,2762.0,19.0,147,TOTAL
958,62572,325.0,100.0,3,TOTAL
959,62612,250.0,250.0,1,TOTAL
960,62613,1391.0,35.0,31,TOTAL
961,62615,5112.0,100.0,35,TOTAL
962,62617,34.0,5.0,6,TOTAL
963,62618,7336.0,50.0,31,TOTAL
964,62624,105.0,30.0,3,TOTAL
965,62625,10654.0,500.0,12,TOTAL
966,62626,6568.0,27.0,118,TOTAL
967,62627,2000.0,1000.0,2,TOTAL
968,62628,385.0,3.0,37,TOTAL
969,62629,16935.0,25.0,256,TOTAL
970,62630,1005.0,80.0,6,TOTAL
971,62631,380.0,80.0,3,TOTAL
972,62634,2266.0,250.0,15,TOTAL
973,62640,3652.0,50.0,46,TOTAL
974,62642,172.0,17.5,8,TOTAL
975,62644,977.0,38.5,26,TOTAL
976,62650,97114.0,100.0,265,TOTAL
977,62651,1431.0,35.0,19,TOTAL
978,62656,14213.0,50.0,163,TOTAL
979,62664,2100.0,68.0,25,TOTAL
980,62665,105.0,35.0,3,TOTAL
981,62666,1000.0,200.0,6,TOTAL
982,62667,625.0,42.5,12,TOTAL
983,62668,114.0,25.0,5,TOTAL
984,62670,3657.0,5.0,129,TOTAL
985,62671,2000.0,1000.0,2,TOTAL
986,62674,350.0,175.0,2,TOTAL
987,62675,7309.0,25.0,129,TOTAL
988,62677,6463.0,75.0,51,TOTAL
989,62681,3156.0,61.0,37,TOTAL
990,62682,635.0,50.0,13,TOTAL
991,62684,10449.0,35.0,117,TOTAL
992,62685,125.0,25.0,5,TOTAL
993,62688,992.0,50.0,24,TOTAL
994,62689,350.0,175.0,2,TOTAL
995,62690,1966.0,27.0,50,TOTAL
996,62691,3605.0,10.0,82,TOTAL
997,62692,28.0,28.0,1,TOTAL
998,62693,240.0,30.0,8,TOTAL
999,62694,780.0,25.0,12,TOTAL
1000,62701,11958.0,75.0,73,TOTAL
1001,62702,83795.0,50.0,494,TOTAL
1002,62703,17683.0,25.0,285,TOTAL
1003,62704,282755.0,50.0,1514,TOTAL
1004,62705,3678.0,100.0,17,TOTAL
1005,62707,16532.0,15.0,174,TOTAL
1006,62708,525.0,262.5,2,TOTAL
1007,62711,116306.0,100.0,566,TOTAL
1008,62712,51600.0,50.0,311,TOTAL
1009,62781,500.0,500.0,1,TOTAL
1010,62791,25232.0,25.0,28,TOTAL
1011,62801,14120.0,38.0,93,TOTAL
1012,62803,527.0,30.0,10,TOTAL
1013,62806,761.0,35.0,18,TOTAL
1014,62807,300.0,300.0,1,TOTAL
1015,62809,300.0,300.0,1,TOTAL
1016,62810,250.0,250.0,1,TOTAL
1017,62812,11679.0,100.0,70,TOTAL
1018,62815,50.0,50.0,1,TOTAL
1019,62816,650.0,250.0,3,TOTAL
1020,62817,9650.0,650.0,12,TOTAL
1021,62819,341.0,27.0,13,TOTAL
1022,62821,5130.0,50.0,23,TOTAL
1023,62822,700.0,100.0,5,TOTAL
1024,62823,224.0,19.0,3,TOTAL
1025,62824,200.0,100.0,2,TOTAL
1026,62827,120.0,20.0,6,TOTAL
1027,62828,7026.0,35.0,62,TOTAL
1028,62830,50.0,25.0,2,TOTAL
1029,62832,8368.0,100.0,41,TOTAL
1030,62836,453.0,50.0,5,TOTAL
1031,62837,4070.0,70.0,42,TOTAL
1032,62838,40.0,20.0,2,TOTAL
1033,62839,3260.0,100.0,36,TOTAL
1034,62844,70.0,35.0,2,TOTAL
1035,62848,300.0,150.0,2,TOTAL
1036,62849,987.0,90.0,13,TOTAL
1037,62851,7400.0,2700.0,3,TOTAL
1038,62853,100.0,100.0,1,TOTAL
1039,62854,205.0,35.0,5,TOTAL
1040,62856,100.0,100.0,1,TOTAL
1041,62858,506.0,50.0,7,TOTAL
1042,62859,8530.0,50.0,26,TOTAL
1043,62863,4928.0,25.0,95,TOTAL
1044,62864,95970.0,50.0,274,TOTAL
1045,62865,950.0,175.0,4,TOTAL
1046,62868,3222.0,27.0,81,TOTAL
1047,62870,215.0,25.0,8,TOTAL
1048,62875,805.0,50.0,11,TOTAL
1049,62876,635.0,30.0,19,TOTAL
1050,62877,3750.0,475.0,4,TOTAL
1051,62878,225.0,50.0,3,TOTAL
1052,62881,7274.0,25.0,147,TOTAL
1053,62884,1535.0,43.5,10,TOTAL
1054,62885,200.0,200.0,1,TOTAL
1055,62890,24878.0,246.5,44,TOTAL
1056,62895,1037.0,250.0,5,TOTAL
1057,62896,102744.0,27.0,211,TOTAL
1058,62897,1600.0,250.0,6,TOTAL
1059,62898,348.0,35.0,10,TOTAL
1060,62899,1335.0,50.0,7,TOTAL
1061,62901,66310.0,50.0,568,TOTAL
1062,62902,27722.0,35.0,242,TOTAL
1063,62903,15915.0,100.0,102,TOTAL
1064,62905,753.0,40.0,14,TOTAL
1065,62906,19913.0,100.0,114,TOTAL
1066,62907,5715.0,250.0,14,TOTAL
1067,62908,715.0,100.0,4,TOTAL
1068,62910,215.0,25.0,11,TOTAL
1069,62912,2000.0,1000.0,2,TOTAL
1070,62914,503.0,25.0,19,TOTAL
1071,62915,2225.0,50.0,7,TOTAL
1072,62916,4250.0,750.0,4,TOTAL
1073,62917,1521.0,25.0,33,TOTAL
1074,62918,18035.0,35.0,138,TOTAL
1075,62920,18730.0,200.0,45,TOTAL
1076,62922,260.0,15.0,10,TOTAL
1077,62923,5486.0,50.0,53,TOTAL
1078,62924,5454.0,50.0,88,TOTAL
1079,62930,7967.0,250.0,26,TOTAL
1080,62932,500.0,250.0,2,TOTAL
1081,62933,316.0,15.0,14,TOTAL
1082,62935,26750.0,1300.0,15,TOTAL
1083,62938,3225.0,150.0,18,TOTAL
1084,62939,1496.0,18.0,41,TOTAL
1085,62940,35.0,35.0,1,TOTAL
1086,62942,820.0,50.0,8,TOTAL
1087,62943,300.0,50.0,6,TOTAL
1088,62946,49856.0,35.0,97,TOTAL
1089,62947,600.0,100.0,7,TOTAL
1090,62948,9878.0,15.0,165,TOTAL
1091,62950,1050.0,100.0,5,TOTAL
1092,62951,6367.0,50.0,34,TOTAL
1093,62952,9525.0,100.0,26,TOTAL
1094,62954,5000.0,1000.0,5,TOTAL
1095,62957,525.0,262.5,2,TOTAL
1096,62958,27230.0,100.0,93,TOTAL
1097,62959,169660.0,75.0,386,TOTAL
1098,62960,4803.0,19.0,140,TOTAL
1099,62962,650.0,50.0,8,TOTAL
1100,62964,972.0,25.0,38,TOTAL
1101,62966,63671.0,100.0,220,TOTAL
1102,62967,1300.0,250.0,7,TOTAL
1103,62969,823.0,50.0,12,TOTAL
1104,62970,251.0,63.0,4,TOTAL
1105,62972,971.0,42.5,22,TOTAL
1106,62974,325.0,11.0,14,TOTAL
1107,62975,2415.0,150.0,10,TOTAL
1108,62976,338.0,50.0,7,TOTAL
1109,62977,17795.0,35.0,28,TOTAL
1110,62979,450.0,100.0,3,TOTAL
1111,62982,4180.0,100.0,52,TOTAL
1112,62983,100.0,100.0,1,TOTAL
1113,62984,1800.0,300.0,4,TOTAL
1114,62985,2430.0,25.0,16,TOTAL
1115,62987,511.0,37.0,5,TOTAL
1116,62990,1000.0,1000.0,1,TOTAL
1117,62992,1250.0,625.0,2,TOTAL
1118,62994,730.0,100.0,4,TOTAL
1119,62995,5365.0,50.0,48,TOTAL
1120,62998,350.0,100.0,3,TOTAL
1121,62999,530.0,250.0,3,TOTAL
0,60002,10779.0,27.0,163,DEM
1,60002,11510.0,25.0,181,REP
2,60004,104788.0,30.0,1079,DEM
3,60004,67493.0,100.0,421,REP
4,60004,1000.0,500.0,2,UNK
5,60005,71572.0,15.0,690,DEM
6,60005,500.0,500.0,1,IND
7,60005,20267.0,100.0,135,REP
8,60005,500.0,500.0,1,UNK
9,60007,35697.0,25.0,496,DEM
10,60007,9411.0,100.0,54,REP
11,60008,10579.0,25.0,323,DEM
12,60008,8365.0,50.0,36,REP
13,60009,122.0,12.0,8,DEM
14,60010,363161.0,50.0,1235,DEM
15,60010,150.0,150.0,1,IND
16,60010,767854.0,250.0,883,REP
17,60010,2000.0,2000.0,1,UNK
18,60011,1333.0,50.0,12,DEM
19,60011,1000.0,1000.0,1,REP
20,60012,11639.0,25.0,168,DEM
21,60012,6972.0,100.0,30,REP
22,60013,16670.0,19.0,329,DEM
23,60013,40675.0,87.5,52,REP
24,60014,37911.0,25.0,734,DEM
25,60014,25795.0,75.0,123,REP
26,60015,478575.0,75.0,1685,DEM
27,60015,2000.0,1000.0,2,DFL
28,60015,2500.0,1250.0,2,OTH
29,60015,246749.0,250.0,407,REP
30,60015,3350.0,400.0,3,UNK
31,60016,41090.0,25.0,630,DEM
32,60016,28084.0,50.0,93,REP
33,60016,1000.0,500.0,2,UNK
34,60018,33644.0,22.0,238,DEM
35,60018,900.0,250.0,3,DFL
36,60018,1500.0,750.0,2,IND
37,60018,119075.0,100.0,106,REP
38,60020,10222.0,36.0,124,DEM
39,60020,1085.0,35.0,24,REP
40,60021,1748.0,50.0,38,DEM
41,60021,2470.0,50.0,24,REP
42,60022,589269.0,250.0,1076,DEM
43,60022,2000.0,1000.0,2,DFL
44,60022,150.0,150.0,1,IND
45,60022,574405.0,725.0,530,REP
46,60022,19000.0,2600.0,10,UNK
47,60025,202339.0,25.0,1354,DEM
48,60025,230901.0,100.0,440,REP
49,60026,107183.0,50.0,781,DEM
50,60026,150.0,150.0,1,IND
51,60026,119980.0,250.0,216,REP
52,60029,8030.0,25.0,51,DEM
53,60029,12236.0,201.0,36,REP
54,60030,57429.0,27.0,592,DEM
55,60030,17917.0,70.0,98,REP
56,60031,33529.0,25.0,526,DEM
57,60031,27632.0,50.0,127,REP
58,60031,1000.0,500.0,2,UNK
59,60033,7431.0,25.0,147,DEM
60,60033,3050.0,250.0,13,REP
61,60034,750.0,100.0,8,DEM
62,60035,1670439.0,75.0,4905,DEM
63,60035,12050.0,2700.0,6,DFL
64,60035,300.0,300.0,1,IND
65,60035,647261.0,500.0,731,REP
66,60035,5500.0,1500.0,5,UNK
67,60038,250.0,250.0,1,REP
68,60039,56.0,10.0,5,DEM
69,60039,437.0,25.0,5,REP
70,60040,16541.0,36.0,142,DEM
71,60040,7950.0,100.0,25,REP
72,60041,5933.0,19.0,90,DEM
73,60041,350.0,175.0,2,REP
74,60042,3924.0,15.0,56,DEM
75,60042,100.0,25.0,4,REP
76,60043,118869.0,500.0,146,DEM
77,60043,202471.0,500.0,248,REP
78,60044,52751.0,50.0,266,DEM
79,60044,142987.0,100.0,304,REP
80,60045,526874.0,200.0,789,DEM
81,60045,1000.0,1000.0,1,DFL
82,60045,1680704.0,500.0,1320,REP
83,60045,5400.0,2700.0,2,UNK
84,60046,26442.0,27.0,426,DEM
85,60046,17120.0,50.0,84,REP
86,60046,500.0,500.0,1,UNK
87,60047,150769.0,50.0,582,DEM
88,60047,108846.0,200.0,231,REP
89,60048,72081.0,40.0,648,DEM
90,60048,171540.0,100.0,339,REP
91,60048,1000.0,1000.0,1,UNK
92,60050,10693.0,25.0,282,DEM
93,60050,10045.0,75.0,57,REP
94,60051,4957.0,25.0,137,DEM
95,60051,5413.0,100.0,37,REP
96,60053,33564.0,21.5,338,DEM
97,60053,54475.0,50.0,48,REP
98,60056,33712.0,15.0,721,DEM
99,60056,33253.0,100.0,126,REP
100,60058,2000.0,2000.0,1,REP
101,60060,52843.0,25.0,551,DEM
102,60060,183045.0,500.0,95,REP
103,60060,5400.0,2700.0,2,UNK
104,60061,43373.0,25.0,437,DEM
105,60061,18049.0,200.0,60,REP
106,60062,445512.0,50.0,1889,DEM
107,60062,1250.0,500.0,3,IND
108,60062,614469.0,250.0,729,REP
109,60064,469.0,14.0,24,DEM
110,60064,4850.0,300.0,7,REP
111,60065,21450.0,2700.0,11,REP
112,60066,10.0,10.0,1,DEM
113,60067,74879.0,25.0,710,DEM
114,60067,277399.0,100.0,305,REP
115,60068,168868.0,25.0,1347,DEM
116,60068,110.0,55.0,2,GRE
117,60068,100.0,100.0,1,IND
118,60068,60563.0,100.0,165,REP
119,60068,250.0,250.0,1,UNK
120,60069,71115.0,36.0,383,DEM
121,60069,42796.0,188.0,120,REP
122,60069,1000.0,1000.0,1,UNK
123,60070,11783.0,36.0,184,DEM
124,60070,38517.0,250.0,80,REP
125,60070,1000.0,1000.0,1,UNK
126,60071,2687.0,20.0,20,DEM
127,60071,4754.0,100.0,17,REP
128,60072,855.0,50.0,20,DEM
129,60072,550.0,25.0,3,REP
130,60073,5702.0,15.0,172,DEM
131,60073,9795.0,30.0,57,REP
132,60074,34121.0,50.0,246,DEM
133,60074,275.0,137.5,2,IND
134,60074,17627.0,100.0,94,REP
135,60075,250.0,100.0,3,DEM
136,60076,88168.0,27.0,914,DEM
137,60076,20222.0,250.0,70,REP
138,60076,1500.0,1500.0,1,UNK
139,60077,75951.0,27.0,554,DEM
140,60077,101172.0,50.0,218,REP
141,60078,100.0,100.0,1,DEM
142,60078,2500.0,2500.0,1,REP
143,60079,50.0,50.0,1,DEM
144,60081,2573.0,25.0,52,DEM
145,60081,8760.0,50.0,33,REP
146,60082,150.0,150.0,1,DEM
147,60082,875.0,132.5,6,REP
148,60083,6497.0,27.0,84,DEM
149,60083,14434.0,50.0,80,REP
150,60084,15979.0,50.0,107,DEM
151,60084,10339.0,91.5,44,REP
152,60084,500.0,500.0,1,UNK
153,60085,27565.0,25.0,316,DEM
154,60085,34981.0,100.0,96,REP
155,60087,13990.0,25.0,204,DEM
156,60087,3985.0,25.0,88,REP
157,60088,120.0,10.0,3,DEM
158,60089,89067.0,50.0,610,DEM
159,60089,114844.0,100.0,212,REP
160,60089,1500.0,1500.0,1,UNK
161,60090,19216.0,18.5,168,DEM
162,60090,3232.0,50.0,37,REP
163,60091,807411.0,50.0,3066,DEM
164,60091,500.0,500.0,1,OTH
165,60091,555243.0,250.0,596,REP
166,60091,5700.0,1000.0,4,UNK
167,60093,1184512.0,100.0,2148,DEM
168,60093,1500.0,250.0,3,IND
169,60093,250.0,250.0,1,OTH
170,60093,1744122.0,500.0,1465,REP
171,60093,3250.0,250.0,5,UNK
172,60096,2387.0,50.0,20,DEM
173,60096,3355.0,100.0,40,REP
174,60097,5052.0,15.0,56,DEM
175,60097,800.0,125.0,4,REP
176,60098,37360.0,25.0,390,DEM
177,60098,300.0,300.0,1,IND
178,60098,14728.0,50.0,87,REP
179,60099,9515.0,25.0,109,DEM
180,60099,8243.0,25.0,52,REP
181,60101,25555.0,25.0,147,DEM
182,60101,12171.0,75.0,32,REP
183,60102,26341.0,10.0,582,DEM
184,60102,17640.0,100.0,36,REP
185,60103,76237.0,30.0,292,DEM
186,60103,13375.0,50.0,67,REP
187,60104,1329.0,100.0,15,DEM
188,60106,8647.0,27.0,104,DEM
189,60106,6816.0,250.0,13,REP
190,60107,35742.0,25.0,280,DEM
191,60107,8880.0,150.0,9,REP
192,60108,61399.0,50.0,280,DEM
193,60108,20615.0,100.0,52,REP
194,60109,1000.0,1000.0,1,REP
195,60110,9389.0,19.0,162,DEM
196,60110,1594.0,35.0,33,REP
197,60111,308.0,154.0,2,DEM
198,60112,814.0,22.5,34,DEM
199,60112,200.0,50.0,4,REP
200,60113,50.0,50.0,1,REP
201,60115,48147.0,25.0,896,DEM
202,60115,16193.0,100.0,73,REP
203,60118,10543.0,50.0,128,DEM
204,60118,8693.0,50.0,69,REP
205,60119,10133.0,27.0,115,DEM
206,60119,6979.0,50.0,32,REP
207,60120,33218.0,33.0,505,DEM
208,60120,250.0,250.0,1,IND
209,60120,37380.0,100.0,57,REP
210,60121,300.0,100.0,3,DEM
211,60121,8600.0,250.0,15,REP
212,60123,32619.0,25.0,387,DEM
213,60123,23259.0,50.0,90,REP
214,60124,27716.0,38.0,303,DEM
215,60124,7535.0,100.0,49,REP
216,60126,104057.0,25.0,1116,DEM
217,60126,50.0,25.0,2,IND
218,60126,310732.0,100.0,350,REP
219,60126,2000.0,1000.0,2,UNK
220,60130,37526.0,25.0,735,DEM
221,60130,1595.0,25.0,10,REP
222,60131,7645.0,25.0,118,DEM
223,60131,1500.0,200.0,9,REP
224,60133,5181.0,20.0,139,DEM
225,60133,1070.0,5.0,60,REP
226,60134,69033.0,36.0,896,DEM
227,60134,113589.0,100.0,237,REP
228,60134,500.0,500.0,1,UNK
229,60135,6787.0,37.0,85,DEM
230,60135,100.0,100.0,1,REP
231,60136,1541.0,35.0,42,DEM
232,60137,136342.0,40.0,892,DEM
233,60137,500.0,500.0,1,IND
234,60137,168149.0,150.0,317,REP
235,60137,500.0,500.0,1,UNK
236,60139,12123.0,25.0,112,DEM
237,60139,540.0,32.5,12,REP
238,60140,2732.0,19.0,82,DEM
239,60140,8000.0,100.0,16,REP
240,60141,650.0,250.0,3,DEM
241,60142,20231.0,38.0,269,DEM
242,60142,14068.0,25.0,163,REP
243,60143,13137.0,25.0,103,DEM
244,60143,23048.0,100.0,77,REP
245,60145,655.0,25.0,16,DEM
246,60145,1200.0,1200.0,1,REP
247,60146,3900.0,500.0,12,REP
248,60147,411.0,25.0,16,DEM
249,60147,925.0,100.0,6,REP
250,60148,44831.0,25.0,622,DEM
251,60148,500.0,500.0,1,GRE
252,60148,43629.0,100.0,207,REP
253,60148,500.0,500.0,1,UNK
254,60150,1173.0,24.0,28,DEM
255,60151,1373.0,25.0,37,DEM
256,60151,1245.0,100.0,17,REP
257,60152,15785.0,37.0,90,DEM
258,60152,5078.0,75.0,43,REP
259,60153,6826.0,19.0,30,DEM
260,60153,100.0,50.0,2,REP
261,60154,17718.0,25.0,232,DEM
262,60154,7040.0,50.0,139,REP
263,60155,248.0,22.0,10,DEM
264,60155,1000.0,1000.0,1,REP
265,60156,16622.0,25.0,159,DEM
266,60156,4805.0,65.0,37,REP
267,60157,112.0,10.0,7,DEM
268,60157,1000.0,1000.0,1,REP
269,60160,24290.0,20.0,110,DEM
270,60160,2020.0,50.0,13,REP
271,60161,50.0,50.0,1,REP
272,60162,3769.0,25.0,30,DEM
273,60162,6550.0,250.0,10,REP
274,60163,1083.0,50.0,3,DEM
275,60163,250.0,100.0,3,REP
276,60164,2597.0,15.0,76,DEM
277,60164,450.0,50.0,11,REP
278,60169,34186.0,35.0,204,DEM
279,60169,250.0,250.0,1,IND
280,60169,2343.0,80.0,18,REP
281,60171,3712.0,20.0,81,DEM
282,60171,3300.0,50.0,28,REP
283,60172,13585.0,25.0,255,DEM
284,60172,3135.0,50.0,21,REP
285,60173,57210.0,35.0,286,DEM
286,60173,16707.0,400.0,28,REP
287,60174,82731.0,27.0,724,DEM
288,60174,227267.0,100.0,276,REP
289,60174,2400.0,1000.0,3,UNK
290,60175,49061.0,50.0,261,DEM
291,60175,250.0,250.0,1,DFL
292,60175,69102.0,100.0,215,REP
293,60175,1000.0,1000.0,1,UNK
294,60176,2425.0,11.0,62,DEM
295,60176,800.0,25.0,13,REP
296,60176,2700.0,1350.0,2,UNK
297,60177,9152.0,15.0,149,DEM
298,60177,4533.0,50.0,26,REP
299,60178,14178.0,30.0,238,DEM
300,60178,7749.0,100.0,49,REP
301,60180,250.0,125.0,2,DEM
302,60181,46166.0,27.0,412,DEM
303,60181,385.0,385.0,1,DFL
304,60181,61042.0,100.0,66,REP
305,60184,9808.0,250.0,24,DEM
306,60184,17619.0,57.0,70,REP
307,60185,29123.0,27.0,206,DEM
308,60185,40230.0,52.5,96,REP
309,60186,900.0,900.0,1,REP
310,60187,56960.0,25.0,658,DEM
311,60187,174025.0,250.0,329,REP
312,60188,22946.0,20.0,373,DEM
313,60188,55405.0,100.0,121,REP
314,60189,92849.0,30.0,633,DEM
315,60189,136195.0,200.0,295,REP
316,60189,500.0,500.0,1,UNK
317,60190,7764.0,15.0,182,DEM
318,60190,12706.0,65.0,77,REP
319,60191,8365.0,25.0,119,DEM
320,60191,44657.0,100.0,63,REP
321,60192,47023.0,50.0,285,DEM
322,60192,6120.0,50.0,51,REP
323,60193,77520.0,23.0,688,DEM
324,60193,42.0,10.0,5,IND
325,60193,15200.0,50.0,59,REP
326,60194,20431.0,30.0,119,DEM
327,60194,3067.0,100.0,17,REP
328,60195,6455.0,200.0,23,DEM
329,60195,492.0,25.0,10,REP
330,60195,500.0,500.0,1,UNK
331,60196,325.0,100.0,5,DEM
332,60196,1250.0,625.0,2,REP
333,60201,1000943.0,38.0,5078,DEM
334,60201,775.0,25.0,8,DFL
335,60201,150.0,75.0,2,IND
336,60201,148132.0,250.0,252,REP
337,60202,409941.0,38.0,2850,DEM
338,60202,975.0,175.0,6,IND
339,60202,500.0,500.0,1,OTH
340,60202,26092.0,70.0,141,REP
341,60203,87711.0,75.0,357,DEM
342,60203,800.0,100.0,8,LIB
343,60203,18099.0,225.0,72,REP
344,60204,2534.0,25.0,35,DEM
345,60204,550.0,50.0,12,REP
346,60208,3525.0,25.0,29,DEM
347,60301,22504.0,25.0,294,DEM
348,60301,250.0,250.0,1,REP
349,60302,522864.0,38.0,3559,DEM
350,60302,150.0,150.0,1,DFL
351,60302,820.0,50.0,5,IND
352,60302,11300.0,2700.0,5,OTH
353,60302,39531.0,100.0,173,REP
354,60303,500.0,250.0,2,DEM
355,60304,108541.0,25.0,1363,DEM
356,60304,7040.0,100.0,19,REP
357,60305,281560.0,50.0,799,DEM
358,60305,250.0,250.0,1,OTH
359,60305,51418.0,250.0,92,REP
360,60401,761.0,25.0,15,DEM
361,60401,640.0,35.0,15,REP
362,60402,39609.0,15.0,712,DEM
363,60402,200.0,200.0,1,IND
364,60402,2968.0,30.0,68,REP
365,60403,3511.0,15.0,53,DEM
366,60403,1300.0,100.0,10,REP
367,60404,7700.0,25.0,199,DEM
368,60404,10973.0,50.0,59,REP
369,60406,3737.0,5.0,167,DEM
370,60406,750.0,225.0,4,REP
371,60406,400.0,400.0,1,UNK
372,60408,569.0,26.5,18,DEM
373,60409,6600.0,27.0,119,DEM
374,60409,385.0,85.0,5,REP
375,60410,2675.0,27.0,54,DEM
376,60410,5202.0,36.0,25,REP
377,60411,20253.0,25.0,378,DEM
378,60411,1800.0,150.0,8,REP
379,60412,100.0,100.0,1,DEM
380,60415,570.0,15.0,25,DEM
381,60415,1000.0,1000.0,1,REP
382,60416,654.0,11.0,18,DEM
383,60416,971.0,25.0,25,REP
384,60417,14766.0,50.0,242,DEM
385,60417,5440.0,150.0,23,REP
386,60417,500.0,500.0,1,UNK
387,60419,830.0,35.0,21,DEM
388,60420,1239.0,25.0,41,DEM
389,60420,907.0,25.0,16,REP
390,60421,240.0,35.0,5,DEM
391,60421,3050.0,375.0,6,REP
392,60422,91463.0,100.0,347,DEM
393,60422,4778.0,50.0,43,REP
394,60423,54634.0,27.0,334,DEM
395,60423,1005.0,500.0,3,DFL
396,60423,20252.0,50.0,138,REP
397,60424,3700.0,1850.0,2,REP
398,60425,959.0,38.0,19,DEM
399,60425,50.0,50.0,1,REP
400,60426,1027.0,20.0,15,DEM
401,60428,1010.0,50.0,15,DEM
402,60428,1400.0,75.0,20,REP
403,60429,13735.0,25.0,106,DEM
404,60430,52172.0,25.0,369,DEM
405,60430,3625.0,25.0,45,REP
406,60430,500.0,500.0,1,UNK
407,60431,8463.0,17.5,162,DEM
408,60431,5630.0,100.0,26,REP
409,60432,6161.0,50.0,34,DEM
410,60432,2400.0,50.0,34,REP
411,60433,650.0,150.0,4,DEM
412,60433,1631.0,50.0,13,REP
413,60435,30696.0,35.0,294,DEM
414,60435,9160.0,100.0,50,REP
415,60436,2776.0,22.5,64,DEM
416,60436,1140.0,20.0,14,REP
417,60438,14464.0,25.0,133,DEM
418,60438,1817.0,25.0,43,REP
419,60439,23051.0,50.0,150,DEM
420,60439,30435.0,100.0,83,REP
421,60440,36568.0,15.0,480,DEM
422,60440,66039.0,50.0,74,REP
423,60441,4462.0,19.0,147,DEM
424,60441,1862.0,50.0,27,REP
425,60442,3064.0,25.0,59,DEM
426,60442,8070.0,25.0,56,REP
427,60443,33968.0,25.0,176,DEM
428,60443,8220.0,100.0,28,REP
429,60444,437.0,100.0,5,DEM
430,60444,1800.0,250.0,7,REP
431,60445,22457.0,25.0,189,DEM
432,60445,3615.0,50.0,25,REP
433,60446,7035.0,15.0,187,DEM
434,60446,4820.0,10.0,68,REP
435,60447,3472.0,50.0,63,DEM
436,60447,10954.0,100.0,37,REP
437,60448,12926.0,27.0,192,DEM
438,60448,16521.0,100.0,62,REP
439,60449,2963.0,68.0,27,DEM
440,60449,1225.0,50.0,22,REP
441,60450,5501.0,50.0,60,DEM
442,60450,18524.0,35.0,138,REP
443,60451,21706.0,25.0,460,DEM
444,60451,15447.0,50.0,99,REP
445,60452,10431.0,50.0,85,DEM
446,60452,5478.0,13.0,139,REP
447,60453,29686.0,25.0,367,DEM
448,60453,10000.0,55.0,57,REP
449,60455,5310.0,8.0,74,DEM
450,60455,1000.0,1000.0,1,UNK
451,60456,413.0,10.0,29,DEM
452,60456,218.0,50.0,5,REP
453,60457,3031.0,25.0,98,DEM
454,60457,4961.0,100.0,13,REP
455,60458,934.0,50.0,19,DEM
456,60458,50.0,50.0,1,REP
457,60459,5032.0,9.0,84,DEM
458,60459,610.0,25.0,12,REP
459,60461,40877.0,25.0,296,DEM
460,60461,4160.0,250.0,15,REP
461,60462,52552.0,25.0,479,DEM
462,60462,35620.0,200.0,97,REP
463,60463,13049.0,50.0,118,DEM
464,60463,33384.0,100.0,133,REP
465,60464,32882.0,50.0,184,DEM
466,60464,14750.0,250.0,44,REP
467,60465,15490.0,25.0,133,DEM
468,60465,3213.0,100.0,29,REP
469,60466,22957.0,50.0,347,DEM
470,60466,100.0,100.0,1,IND
471,60466,1074.0,57.0,14,REP
472,60467,53446.0,25.0,371,DEM
473,60467,60253.0,56.0,125,REP
474,60468,620.0,10.0,36,DEM
475,60468,7679.0,50.0,74,REP
476,60471,12190.0,250.0,27,DEM
477,60471,150.0,75.0,2,REP
478,60472,25.0,25.0,1,DEM
479,60473,12046.0,25.0,105,DEM
480,60473,4151.0,50.0,53,REP
481,60475,452.0,30.0,12,DEM
482,60475,250.0,125.0,2,IND
483,60477,17462.0,15.0,207,DEM
484,60477,150.0,75.0,2,IND
485,60477,8082.0,25.0,162,REP
486,60478,2978.0,25.0,87,DEM
487,60479,802.0,112.5,6,REP
488,60480,14828.0,50.0,86,DEM
489,60480,11708.0,100.0,22,REP
490,60481,6000.0,10.0,127,DEM
491,60481,230585.0,2700.0,104,REP
492,60482,1298.0,20.0,35,DEM
493,60482,201.0,100.0,3,REP
494,60484,1832.0,38.0,41,DEM
495,60487,12044.0,25.0,140,DEM
496,60487,9185.0,50.0,24,REP
497,60490,35406.0,50.0,153,DEM
498,60490,5153.0,100.0,22,REP
499,60491,10349.0,10.0,283,DEM
500,60491,20890.0,100.0,61,REP
501,60501,600.0,12.5,14,DEM
502,60501,150.0,50.0,3,REP
503,60502,28705.0,25.0,403,DEM
504,60502,43220.0,250.0,68,REP
505,60503,3437.0,25.0,53,DEM
506,60503,895.0,50.0,13,REP
507,60504,29801.0,25.0,355,DEM
508,60504,10961.0,100.0,26,REP
509,60504,500.0,250.0,2,UNK
510,60505,21184.0,25.0,295,DEM
511,60505,46126.0,1000.0,33,REP
512,60505,500.0,500.0,1,UNK
513,60506,31425.0,27.0,472,DEM
514,60506,13674.0,50.0,87,REP
515,60507,620.0,620.0,1,DEM
516,60507,14000.0,1000.0,8,REP
517,60510,31306.0,50.0,225,DEM
518,60510,33403.0,100.0,103,REP
519,60511,16200.0,2700.0,5,DEM
520,60511,4756.0,50.0,18,REP
521,60512,1683.0,100.0,23,DEM
522,60512,150.0,37.5,4,REP
523,60513,14925.0,25.0,276,DEM
524,60513,1019.0,64.5,16,REP
525,60514,20158.0,25.0,127,DEM
526,60514,44280.0,250.0,83,REP
527,60514,1000.0,1000.0,1,UNK
528,60515,93042.0,25.0,1019,DEM
529,60515,51258.0,200.0,163,REP
530,60516,44205.0,25.0,781,DEM
531,60516,30.0,30.0,1,IND
532,60516,24744.0,100.0,135,REP
533,60516,250.0,250.0,1,UNK
534,60517,22366.0,30.0,262,DEM
535,60517,47725.0,200.0,51,REP
536,60518,809.0,50.0,19,DEM
537,60518,270.0,70.0,4,REP
538,60520,2740.0,225.0,12,REP
539,60521,273994.0,80.0,755,DEM
540,60521,574255.0,500.0,467,REP
541,60522,20404.0,100.0,36,DEM
542,60522,250.0,250.0,1,REP
543,60523,157796.0,100.0,419,DEM
544,60523,5400.0,2700.0,2,OTH
545,60523,231302.0,250.0,345,REP
546,60523,1500.0,750.0,2,UNK
547,60525,133631.0,27.0,813,DEM
548,60525,170.0,170.0,1,IND
549,60525,71726.0,250.0,135,REP
550,60525,250.0,250.0,1,UNK
551,60526,27022.0,38.0,131,DEM
552,60526,8910.0,50.0,47,REP
553,60527,296093.0,30.0,903,DEM
554,60527,250.0,250.0,1,DFL
555,60527,144503.0,200.0,303,REP
556,60527,3300.0,1500.0,3,UNK
557,60530,650.0,250.0,3,REP
558,60531,850.0,100.0,7,DEM
559,60531,75.0,75.0,1,REP
560,60532,58646.0,25.0,628,DEM
561,60532,22250.0,150.0,94,REP
562,60532,250.0,250.0,1,UNK
563,60534,1018.0,50.0,18,DEM
564,60537,270.0,135.0,2,DEM
565,60538,7321.0,15.0,190,DEM
566,60538,1085.0,50.0,19,REP
567,60539,220.0,35.0,7,DEM
568,60540,191103.0,27.0,1157,DEM
569,60540,102783.0,100.0,290,REP
570,60540,500.0,500.0,1,UNK
571,60541,175.0,35.0,5,DEM
572,60541,160.0,42.5,4,REP
573,60542,22051.0,25.0,135,DEM
574,60542,8056.0,25.0,121,REP
575,60543,15934.0,25.0,510,DEM
576,60543,6671.0,80.0,54,REP
577,60544,4950.0,25.0,112,DEM
578,60544,29780.0,250.0,63,REP
579,60544,250.0,250.0,1,UNK
580,60545,1211.0,15.0,36,DEM
581,60545,8339.0,35.0,50,REP
582,60546,36294.0,30.0,358,DEM
583,60546,19333.0,100.0,65,REP
584,60548,4783.0,50.0,37,DEM
585,60548,1686.0,35.0,31,REP
586,60550,260.0,26.0,10,DEM
587,60550,300.0,150.0,2,REP
588,60551,566.0,38.0,10,DEM
589,60551,460.0,30.0,14,REP
590,60552,1413.0,25.0,37,DEM
591,60552,1065.0,25.0,19,REP
592,60553,319.0,27.0,4,DEM
593,60554,14505.0,25.0,207,DEM
594,60554,61895.0,59.0,154,REP
595,60554,500.0,500.0,1,UNK
596,60555,30711.0,25.0,247,DEM
597,60555,20038.0,100.0,92,REP
598,60556,1900.0,300.0,5,REP
599,60558,89952.0,35.0,380,DEM
600,60558,400.0,100.0,4,LIB
601,60558,77713.0,250.0,158,REP
602,60558,500.0,500.0,1,UNK
603,60559,19832.0,25.0,208,DEM
604,60559,17710.0,50.0,54,REP
605,60560,15800.0,30.0,178,DEM
606,60560,6183.0,50.0,39,REP
607,60561,60835.0,27.0,335,DEM
608,60561,500.0,500.0,1,IND
609,60561,22815.0,50.0,80,REP
610,60563,61309.0,25.0,652,DEM
611,60563,59130.0,50.0,172,REP
612,60563,250.0,250.0,1,UNK
613,60564,105022.0,27.0,799,DEM
614,60564,750.0,375.0,2,IND
615,60564,25515.0,50.0,133,REP
616,60565,104435.0,27.0,1031,DEM
617,60565,800.0,800.0,1,IND
618,60565,36685.0,100.0,150,REP
619,60565,750.0,375.0,2,UNK
620,60566,14500.0,2700.0,6,REP
621,60567,2700.0,2700.0,1,DEM
622,60567,365.0,57.5,6,REP
623,60569,500.0,500.0,1,UNK
624,60585,17853.0,38.0,253,DEM
625,60585,2968.0,50.0,19,REP
626,60586,8809.0,25.0,202,DEM
627,60586,3027.0,50.0,48,REP
628,60601,739264.0,100.0,1360,DEM
629,60601,2000.0,1000.0,2,DFL
630,60601,250.0,250.0,1,IND
631,60601,3950.0,600.0,6,OTH
632,60601,384836.0,1000.0,238,REP
633,60601,5650.0,2700.0,3,UNK
634,60602,658129.0,250.0,724,DEM
635,60602,250.0,250.0,1,DFL
636,60602,2175.0,250.0,3,IND
637,60602,124675.0,1000.0,91,REP
638,60602,250.0,250.0,1,UNK
639,60603,175735.0,100.0,373,DEM
640,60603,500.0,500.0,1,DFL
641,60603,250.0,250.0,1,IND
642,60603,593952.0,2700.0,160,REP
643,60603,3700.0,375.0,4,UNK
644,60604,94564.0,250.0,146,DEM
645,60604,2600.0,675.0,4,IND
646,60604,57582.0,500.0,51,REP
647,60605,468727.0,38.0,2218,DEM
648,60605,1400.0,400.0,3,DFL
649,60605,108611.0,250.0,158,REP
650,60605,3500.0,1000.0,3,UNK
651,60606,525533.0,250.0,668,DEM
652,60606,2700.0,1350.0,2,DFL
653,60606,250.0,250.0,1,IND
654,60606,920445.0,2500.0,398,REP
655,60606,4200.0,1000.0,3,UNK
656,60607,240292.0,50.0,1122,DEM
657,60607,250.0,250.0,1,DFL
658,60607,500.0,250.0,2,OTH
659,60607,148720.0,250.0,89,REP
660,60607,3000.0,500.0,5,UNK
661,60608,81313.0,27.0,713,DEM
662,60608,19770.0,150.0,33,REP
663,60609,35441.0,50.0,205,DEM
664,60609,1430.0,45.0,12,REP
665,60610,1052857.0,50.0,3155,DEM
666,60610,2250.0,1000.0,3,DFL
667,60610,1000.0,500.0,2,OTH
668,60610,859279.0,500.0,627,REP
669,60610,7700.0,1000.0,5,UNK
670,60611,1827187.0,100.0,4066,DEM
671,60611,3700.0,375.0,4,DFL
672,60611,5400.0,250.0,7,IND
673,60611,8573.0,1466.0,6,OTH
674,60611,2120488.0,1000.0,1176,REP
675,60611,6450.0,1000.0,5,UNK
676,60612,54349.0,25.0,553,DEM
677,60612,300.0,300.0,1,IND
678,60612,1060.0,145.0,6,REP
679,60613,404105.0,30.0,2980,DEM
680,60613,250.0,250.0,1,IND
681,60613,69910.0,250.0,90,REP
682,60613,3200.0,1600.0,2,UNK
683,60614,2213419.0,100.0,5381,DEM
684,60614,8150.0,500.0,8,DFL
685,60614,11988.0,500.0,13,IND
686,60614,871329.0,775.0,654,REP
687,60614,2500.0,500.0,4,UNK
688,60615,382334.0,50.0,2358,DEM
689,60615,100.0,100.0,1,IND
690,60615,10750.0,500.0,17,REP
691,60616,197279.0,38.0,876,DEM
692,60616,46520.0,425.0,48,REP
693,60617,34901.0,25.0,283,DEM
694,60617,250.0,250.0,1,IND
695,60617,1035.0,40.0,13,REP
696,60618,270682.0,27.0,2049,DEM
697,60618,700.0,350.0,2,IND
698,60618,1000.0,500.0,2,OTH
699,60618,46350.0,250.0,115,REP
700,60618,500.0,500.0,1,UNK
701,60619,31746.0,50.0,177,DEM
702,60619,75.0,37.5,2,REP
703,60620,30370.0,36.0,97,DEM
704,60620,500.0,500.0,1,REP
705,60622,390804.0,27.0,2568,DEM
706,60622,1000.0,500.0,2,DFL
707,60622,50479.0,325.0,62,REP
708,60622,1500.0,500.0,3,UNK
709,60623,11355.0,25.0,157,DEM
710,60623,930.0,23.5,10,REP
711,60624,2635.0,15.0,19,DEM
712,60624,200.0,200.0,1,REP
713,60625,215995.0,27.0,2468,DEM
714,60625,350.0,350.0,1,IND
715,60625,3169.0,50.0,24,REP
716,60626,135147.0,25.0,2041,DEM
717,60626,2343.0,75.0,15,REP
718,60628,17810.0,25.0,211,DEM
719,60628,2950.0,1475.0,2,REP
720,60629,8131.0,25.0,105,DEM
721,60629,2600.0,500.0,5,REP
722,60630,46276.0,25.0,782,DEM
723,60630,11675.0,87.5,32,REP
724,60631,25444.0,20.0,281,DEM
725,60631,4310.0,50.0,17,REP
726,60632,19770.0,25.0,241,DEM
727,60632,16425.0,400.0,33,REP
728,60633,1778.0,27.0,27,DEM
729,60634,27333.0,27.0,427,DEM
730,60634,5426.0,132.5,36,REP
731,60636,3694.0,50.0,22,DEM
732,60637,390981.0,50.0,1868,DEM
733,60637,2700.0,2700.0,1,DFL
734,60637,1200.0,600.0,2,IND
735,60637,13855.0,50.0,56,REP
736,60637,600.0,300.0,2,UNK
737,60638,26255.0,35.0,220,DEM
738,60638,125.0,125.0,1,IND
739,60638,13161.0,50.0,42,REP
740,60639,5955.0,27.0,103,DEM
741,60639,1525.0,50.0,8,REP
742,60640,469329.0,25.0,4739,DEM
743,60640,66595.0,250.0,89,REP
744,60640,1150.0,575.0,2,UNK
745,60641,65266.0,25.0,809,DEM
746,60641,8960.0,50.0,103,REP
747,60642,109977.0,35.0,725,DEM
748,60642,73065.0,1000.0,55,REP
749,60642,2750.0,1375.0,2,UNK
750,60643,132077.0,25.0,1054,DEM
751,60643,5500.0,250.0,18,REP
752,60644,6366.0,27.0,59,DEM
753,60644,4030.0,100.0,6,REP
754,60645,77182.0,25.0,1080,DEM
755,60645,61169.0,109.0,72,REP
756,60646,81543.0,36.0,633,DEM
757,60646,18403.0,35.0,86,REP
758,60647,315427.0,27.0,2456,DEM
759,60647,1750.0,500.0,3,IND
760,60647,540.0,540.0,1,OTH
761,60647,65095.0,250.0,100,REP
762,60649,149589.0,50.0,428,DEM
763,60649,2500.0,2500.0,1,REP
764,60651,8168.0,25.0,130,DEM
765,60651,8135.0,2700.0,5,REP
766,60652,10772.0,20.0,225,DEM
767,60652,300.0,50.0,5,REP
768,60653,51995.0,50.0,232,DEM
769,60653,650.0,100.0,5,REP
770,60654,683995.0,100.0,1378,DEM
771,60654,750.0,375.0,2,DFL
772,60654,340510.0,500.0,275,REP
773,60654,6500.0,1750.0,4,UNK
774,60655,13811.0,25.0,157,DEM
775,60655,6757.0,100.0,29,REP
776,60656,11737.0,5.0,589,DEM
777,60656,3550.0,35.0,82,REP
778,60657,985327.0,33.0,5254,DEM
779,60657,600.0,25.0,5,DFL
780,60657,500.0,500.0,1,GRE
781,60657,100.0,100.0,1,IND
782,60657,1020.0,210.0,4,OTH
783,60657,150877.0,275.0,238,REP
784,60657,3700.0,375.0,4,UNK
785,60659,58717.0,25.0,697,DEM
786,60659,85409.0,200.0,66,REP
787,60660,233483.0,25.0,2605,DEM
788,60660,350.0,175.0,2,IND
789,60660,10464.0,70.0,99,REP
790,60661,94069.0,35.0,513,DEM
791,60661,150666.0,1500.0,69,REP
792,60661,6400.0,1600.0,4,UNK
793,60664,216.0,26.5,8,DEM
794,60670,1000.0,500.0,2,REP
795,60680,13999.0,25.0,46,DEM
796,60680,185300.0,2700.0,49,REP
797,60681,5200.0,1000.0,4,DEM
798,60690,4689.0,19.0,53,DEM
799,60706,4880.0,35.0,93,DEM
800,60706,1745.0,50.0,21,REP
801,60707,40890.0,27.0,494,DEM
802,60707,5958.0,50.0,47,REP
803,60712,87781.0,50.0,274,DEM
804,60712,100375.0,250.0,123,REP
805,60714,30389.0,25.0,226,DEM
806,60714,22824.0,100.0,75,REP
807,60803,2124.0,27.0,49,DEM
808,60803,2016.0,42.5,32,REP
809,60804,6049.0,25.0,102,DEM
810,60804,1910.0,50.0,17,REP
811,60805,20594.0,15.0,212,DEM
812,60805,31405.0,25.0,34,REP
813,60805,500.0,500.0,1,UNK
814,60810,500.0,500.0,1,DEM
815,60811,1000.0,1000.0,1,DEM
816,60827,880.0,5.0,26,DEM
817,60827,340.0,70.0,3,REP
818,60840,50.0,50.0,1,DEM
819,60901,7417.0,35.0,147,DEM
820,60901,9055.0,25.0,72,REP
821,60910,590.0,150.0,4,REP
822,60911,81.0,27.0,3,DEM
823,60911,50.0,50.0,1,REP
824,60913,280.0,15.0,18,DEM
825,60913,201.0,201.0,1,REP
826,60914,12118.0,17.5,178,DEM
827,60914,8360.0,50.0,64,REP
828,60915,2646.0,50.0,37,DEM
829,60915,556.0,25.0,16,REP
830,60918,191.0,5.0,16,DEM
831,60919,4723.0,35.0,86,DEM
832,60920,376.0,27.0,11,DEM
833,60922,1200.0,100.0,3,DEM
834,60922,2360.0,100.0,13,REP
835,60924,578.0,19.0,32,DEM
836,60924,1060.0,25.0,4,REP
837,60927,90.0,25.0,5,REP
838,60928,240.0,60.0,4,REP
839,60930,450.0,50.0,5,REP
840,60932,100.0,50.0,2,REP
841,60935,433.0,28.0,15,DEM
842,60936,390.0,62.5,4,DEM
843,60936,2170.0,52.0,30,REP
844,60938,227.0,113.5,2,DEM
845,60938,220.0,100.0,3,REP
846,60940,1250.0,625.0,2,REP
847,60941,54.0,27.0,2,DEM
848,60941,2060.0,200.0,13,REP
849,60942,500.0,500.0,1,DEM
850,60942,702.0,100.0,6,REP
851,60945,180.0,180.0,1,REP
852,60945,250.0,250.0,1,UNK
853,60948,337.0,10.0,9,DEM
854,60948,250.0,250.0,1,REP
855,60950,9202.0,3.0,614,DEM
856,60950,6725.0,250.0,22,REP
857,60951,1054.0,27.0,3,DEM
858,60952,150.0,150.0,1,REP
859,60953,2350.0,250.0,9,DEM
860,60953,225.0,100.0,3,REP
861,60954,1290.0,50.0,21,DEM
862,60954,946.0,52.5,6,REP
863,60957,736.0,50.0,18,DEM
864,60957,1385.0,100.0,8,REP
865,60958,250.0,250.0,1,DEM
866,60960,200.0,200.0,1,DEM
867,60961,57.0,15.0,3,DEM
868,60963,505.0,14.5,32,DEM
869,60963,3100.0,100.0,21,REP
870,60964,1567.0,25.0,25,DEM
871,60964,4532.0,100.0,34,REP
872,60966,225.0,50.0,5,DEM
873,60966,800.0,100.0,8,REP
874,60968,800.0,225.0,4,REP
875,60970,290.0,11.0,10,DEM
876,60970,13275.0,250.0,25,REP
877,60973,160.0,80.0,2,REP
878,60983,25.0,25.0,1,REP
879,61001,550.0,275.0,2,DEM
880,61001,25.0,25.0,1,REP
881,61006,140.0,50.0,3,DEM
882,61006,160.0,10.0,10,REP
883,61007,100.0,15.0,6,REP
884,61008,13556.0,20.0,349,DEM
885,61008,27413.0,50.0,152,REP
886,61010,3541.0,12.5,34,DEM
887,61010,1720.0,100.0,8,REP
888,61011,3112.0,75.0,27,DEM
889,61011,2595.0,250.0,5,REP
890,61012,672.0,15.0,37,DEM
891,61016,2127.0,100.0,26,DEM
892,61016,3350.0,100.0,19,REP
893,61019,5395.0,25.0,123,DEM
894,61019,200.0,100.0,2,REP
895,61020,2996.0,54.0,42,DEM
896,61020,200.0,200.0,1,REP
897,61021,5208.0,25.0,92,DEM
898,61021,7523.0,35.0,57,REP
899,61024,3830.0,35.0,30,DEM
900,61024,1075.0,35.0,17,REP
901,61025,547.0,27.0,19,DEM
902,61025,1300.0,100.0,6,REP
903,61028,850.0,150.0,6,DEM
904,61028,303.0,100.0,3,REP
905,61030,150.0,75.0,2,DEM
906,61030,1000.0,1000.0,1,REP
907,61031,1350.0,100.0,8,REP
908,61032,6942.0,25.0,123,DEM
909,61032,6680.0,50.0,60,REP
910,61036,17360.0,38.0,136,DEM
911,61036,3441.0,35.0,34,REP
912,61038,350.0,100.0,4,REP
913,61041,360.0,10.0,9,DEM
914,61041,400.0,100.0,4,REP
915,61041,500.0,500.0,1,UNK
916,61042,264.0,15.0,16,DEM
917,61042,250.0,250.0,1,REP
918,61046,288.0,144.0,2,DEM
919,61046,11350.0,425.0,12,REP
920,61048,1175.0,75.0,8,REP
921,61049,550.0,275.0,2,REP
922,61051,365.0,50.0,6,REP
923,61052,100.0,50.0,2,DEM
924,61052,600.0,20.0,7,REP
925,61053,1616.0,25.0,40,DEM
926,61053,955.0,25.0,21,REP
927,61054,767.0,27.0,12,DEM
928,61054,1311.0,100.0,15,REP
929,61060,266.0,25.0,10,DEM
930,61061,3805.0,25.0,91,DEM
931,61061,7545.0,50.0,29,REP
932,61062,11300.0,250.0,37,DEM
933,61063,823.0,36.5,18,DEM
934,61063,3049.0,250.0,7,REP
935,61064,641.0,38.5,16,DEM
936,61064,120.0,5.0,15,REP
937,61065,1819.0,22.5,50,DEM
938,61065,4160.0,50.0,18,REP
939,61067,1074.0,10.0,63,DEM
940,61068,2177.0,19.0,51,DEM
941,61068,1701.0,50.0,27,REP
942,61070,570.0,27.0,19,DEM
943,61070,31.0,31.0,1,REP
944,61071,4833.0,26.0,70,DEM
945,61071,625.0,150.0,4,REP
946,61072,3848.0,25.0,78,DEM
947,61072,4546.0,50.0,53,REP
948,61073,7555.0,25.0,183,DEM
949,61073,21953.0,100.0,93,REP
950,61074,3205.0,25.0,25,DEM
951,61074,4428.0,100.0,37,REP
952,61078,264.0,66.5,4,REP
953,61079,147.0,31.0,5,DEM
954,61079,400.0,200.0,2,REP
955,61080,1326.0,25.0,42,DEM
956,61080,6319.0,35.0,71,REP
957,61081,13632.0,25.0,293,DEM
958,61081,4200.0,100.0,23,REP
959,61084,814.0,38.0,17,DEM
960,61084,1375.0,100.0,16,REP
961,61085,1290.0,25.0,13,DEM
962,61085,165.0,20.0,9,REP
963,61087,77.0,15.0,5,DEM
964,61088,1404.0,87.5,8,DEM
965,61088,1525.0,25.0,27,REP
966,61089,250.0,250.0,1,DEM
967,61089,765.0,25.0,23,REP
968,61101,3727.0,50.0,28,DEM
969,61101,1310.0,30.0,7,REP
970,61102,970.0,35.0,22,DEM
971,61102,2156.0,50.0,27,REP
972,61103,14789.0,25.0,267,DEM
973,61103,304.0,48.0,6,GRE
974,61103,10523.0,100.0,24,REP
975,61104,1150.0,42.5,32,DEM
976,61104,1450.0,175.0,4,REP
977,61105,1000.0,1000.0,1,REP
978,61107,57199.0,27.0,368,DEM
979,61107,73549.0,100.0,198,REP
980,61108,9252.0,20.0,254,DEM
981,61108,20371.0,50.0,38,REP
982,61109,3210.0,25.0,62,DEM
983,61109,4130.0,53.0,43,REP
984,61110,116.0,13.0,6,DEM
985,61110,10800.0,2700.0,4,REP
986,61111,10825.0,14.5,86,DEM
987,61111,8868.0,66.5,56,REP
988,61114,17492.0,25.0,228,DEM
989,61114,31054.0,50.0,146,REP
990,61115,2543.0,50.0,39,DEM
991,61115,1665.0,50.0,26,REP
992,61125,425.0,25.0,14,DEM
993,61125,410.0,40.0,5,REP
994,61126,200.0,100.0,2,DEM
995,61126,70.0,35.0,2,REP
996,61132,23500.0,2700.0,13,REP
997,61201,50955.0,50.0,460,DEM
998,61201,24816.0,33.0,148,REP
999,61230,100.0,100.0,1,REP
1000,61231,600.0,50.0,6,DEM
1001,61231,14209.0,250.0,25,REP
1002,61235,775.0,27.0,28,DEM
1003,61235,2025.0,250.0,11,REP
1004,61238,325.0,25.0,10,REP
1005,61240,9200.0,375.0,8,DEM
1006,61240,479.0,50.0,10,REP
1007,61241,370.0,21.0,6,DEM
1008,61241,35.0,35.0,1,REP
1009,61242,100.0,10.0,9,DEM
1010,61242,275.0,75.0,4,REP
1011,61244,12933.0,25.0,166,DEM
1012,61244,6342.0,31.0,87,REP
1013,61250,3850.0,25.0,9,DEM
1014,61250,1305.0,140.0,4,REP
1015,61251,175.0,50.0,3,REP
1016,61252,600.0,50.0,7,DEM
1017,61252,1079.0,50.0,14,REP
1018,61254,8535.0,25.0,107,DEM
1019,61254,46644.0,100.0,184,REP
1020,61256,1365.0,25.0,23,DEM
1021,61256,300.0,150.0,2,REP
1022,61257,150.0,150.0,1,DEM
1023,61257,90.0,90.0,1,REP
1024,61259,1100.0,250.0,4,REP
1025,61260,453.0,25.0,10,DEM
1026,61260,50.0,50.0,1,REP
1027,61262,250.0,250.0,1,DEM
1028,61263,100.0,50.0,2,DEM
1029,61264,7076.0,25.0,65,DEM
1030,61264,43215.0,100.0,47,REP
1031,61265,41320.0,25.0,396,DEM
1032,61265,13446.0,50.0,130,REP
1033,61266,1250.0,625.0,2,DEM
1034,61266,16500.0,375.0,20,REP
1035,61270,4413.0,10.0,35,DEM
1036,61270,200.0,200.0,1,IND
1037,61270,688.0,50.0,12,REP
1038,61272,200.0,100.0,2,REP
1039,61273,9304.0,50.0,55,REP
1040,61275,5816.0,10.0,99,DEM
1041,61275,2505.0,100.0,24,REP
1042,61277,178.0,10.0,17,DEM
1043,61277,1863.0,106.5,16,REP
1044,61278,500.0,250.0,2,DEM
1045,61278,1000.0,1000.0,1,REP
1046,61279,250.0,250.0,1,DEM
1047,61281,4731.0,10.0,67,DEM
1048,61282,2173.0,9.0,138,DEM
1049,61282,1251.0,250.0,6,REP
1050,61283,2566.0,2566.0,1,DEM
1051,61284,4400.0,25.0,121,DEM
1052,61284,43260.0,2700.0,19,REP
1053,61285,1843.0,25.0,89,DEM
1054,61285,511.0,36.0,12,REP
1055,61301,920.0,25.0,35,DEM
1056,61301,4170.0,75.0,35,REP
1057,61310,383.0,27.0,15,DEM
1058,61310,550.0,100.0,4,REP
1059,61311,314.0,50.0,7,REP
1060,61318,1107.0,50.0,25,DEM
1061,61323,195.0,35.0,5,REP
1062,61325,225.0,11.5,10,REP
1063,61326,100.0,50.0,2,DEM
1064,61326,100.0,100.0,1,REP
1065,61327,10.0,10.0,1,DEM
1066,61327,17400.0,2700.0,8,REP
1067,61329,2250.0,375.0,6,DEM
1068,61333,302.0,10.0,26,DEM
1069,61334,130.0,14.0,9,DEM
1070,61334,225.0,25.0,8,REP
1071,61340,650.0,150.0,4,REP
1072,61341,1052.0,20.0,33,DEM
1073,61341,1250.0,25.0,12,REP
1074,61342,2371.0,10.0,88,DEM
1075,61342,5090.0,100.0,37,REP
1076,61344,315.0,35.0,9,REP
1077,61345,2100.0,275.0,4,REP
1078,61348,2573.0,25.0,58,DEM
1079,61348,1425.0,125.0,11,REP
1080,61349,2744.0,27.0,85,DEM
1081,61349,300.0,100.0,3,REP
1082,61350,19268.0,25.0,281,DEM
1083,61350,18305.0,150.0,57,REP
1084,61353,126.0,27.0,7,DEM
1085,61354,2681.0,25.0,62,DEM
1086,61354,7170.0,100.0,58,REP
1087,61356,3794.0,25.0,34,DEM
1088,61356,2700.0,2700.0,1,DFL
1089,61356,24531.0,100.0,66,REP
1090,61358,466.0,94.5,6,DEM
1091,61358,50.0,50.0,1,REP
1092,61359,400.0,100.0,4,DEM
1093,61360,60.0,30.0,2,DEM
1094,61360,550.0,150.0,4,REP
1095,61361,666.0,10.0,45,DEM
1096,61362,4712.0,100.0,21,DEM
1097,61362,2343.0,12.5,28,REP
1098,61364,2389.0,10.0,73,DEM
1099,61364,1771.0,50.0,34,REP
1100,61367,585.0,25.0,20,DEM
1101,61368,3455.0,50.0,46,DEM
1102,61368,100.0,25.0,4,REP
1103,61369,2117.0,220.0,11,REP
1104,61370,466.0,27.0,9,DEM
1105,61370,425.0,50.0,7,REP
1106,61373,746.0,50.0,16,DEM
1107,61373,125.0,62.5,2,REP
1108,61375,100.0,100.0,1,DEM
1109,61375,6000.0,1500.0,4,REP
1110,61376,744.0,50.0,16,REP
1111,61377,2300.0,250.0,9,REP
1112,61379,300.0,25.0,12,DEM
1113,61401,20570.0,25.0,325,DEM
1114,61401,35103.0,100.0,169,REP
1115,61401,200.0,100.0,2,UNK
1116,61402,35.0,35.0,1,REP
1117,61410,899.0,25.0,23,DEM
1118,61410,245.0,25.0,6,REP
1119,61411,370.0,17.5,8,REP
1120,61412,250.0,50.0,4,DEM
1121,61412,25.0,25.0,1,REP
1122,61413,5400.0,2700.0,2,DEM
1123,61414,1765.0,375.0,4,DEM
1124,61414,6625.0,1000.0,9,REP
1125,61415,4180.0,50.0,46,DEM
1126,61415,200.0,100.0,2,REP
1127,61418,60.0,30.0,2,REP
1128,61419,330.0,110.0,3,REP
1129,61421,1025.0,100.0,10,REP
1130,61422,378.0,25.0,12,DEM
1131,61422,6500.0,1000.0,7,REP
1132,61425,38.0,19.0,2,DEM
1133,61427,863.0,25.0,16,DEM
1134,61430,1500.0,750.0,2,DEM
1135,61434,1080.0,27.0,32,DEM
1136,61434,2750.0,250.0,11,REP
1137,61436,327.0,50.0,3,DEM
1138,61436,55.0,27.5,2,REP
1139,61438,784.0,25.0,33,DEM
1140,61441,903.0,25.0,29,REP
1141,61442,700.0,75.0,4,DEM
1142,61443,3287.0,25.0,93,DEM
1143,61443,2136.0,50.0,30,REP
1144,61447,250.0,250.0,1,REP
1145,61448,285.0,142.5,2,DEM
1146,61448,3724.0,50.0,29,REP
1147,61451,200.0,100.0,2,REP
1148,61453,645.0,20.0,10,DEM
1149,61455,23546.0,27.0,263,DEM
1150,61455,9120.0,50.0,80,REP
1151,61458,1666.0,50.0,29,REP
1152,61459,500.0,500.0,1,REP
1153,61462,3791.0,100.0,49,DEM
1154,61462,950.0,100.0,9,REP
1155,61466,250.0,250.0,1,DEM
1156,61466,150.0,150.0,1,IND
1157,61467,105.0,10.0,10,DEM
1158,61469,100.0,50.0,2,DEM
1159,61469,75.0,37.5,2,REP
1160,61470,450.0,75.0,6,REP
1161,61472,374.0,35.0,13,DEM
1162,61473,203.0,10.0,13,DEM
1163,61473,1750.0,100.0,17,REP
1164,61474,35.0,35.0,1,REP
1165,61476,250.0,250.0,1,DEM
1166,61477,54.0,27.0,2,DEM
1167,61480,650.0,200.0,3,REP
1168,61483,83.0,12.5,6,DEM
1169,61483,320.0,35.0,9,REP
1170,61484,217.0,15.0,11,DEM
1171,61484,645.0,25.0,12,REP
1172,61485,15.0,15.0,1,DEM
1173,61485,775.0,25.0,34,REP
1174,61488,1065.0,10.0,7,DEM
1175,61489,7400.0,1850.0,4,REP
1176,61491,127.0,26.0,6,DEM
1177,61491,15550.0,500.0,32,REP
1178,61491,500.0,500.0,1,UNK
1179,61492,500.0,500.0,1,REP
1180,61501,250.0,250.0,1,DEM
1181,61517,1264.0,50.0,28,DEM
1182,61517,26440.0,250.0,45,REP
1183,61520,4331.0,25.0,109,DEM
1184,61520,6176.0,35.0,116,REP
1185,61523,3880.0,27.0,65,DEM
1186,61523,3175.0,200.0,16,REP
1187,61525,10056.0,50.0,124,DEM
1188,61525,91141.0,250.0,168,REP
1189,61526,1590.0,200.0,7,DEM
1190,61526,1950.0,100.0,17,REP
1191,61528,14203.0,250.0,17,DEM
1192,61528,69714.0,150.0,70,REP
1193,61529,615.0,35.0,17,DEM
1194,61529,1055.0,25.0,22,REP
1195,61530,31807.0,100.0,93,DEM
1196,61530,16990.0,43.0,66,REP
1197,61531,1200.0,150.0,6,DEM
1198,61531,10400.0,1300.0,6,REP
1199,61532,559.0,20.0,29,DEM
1200,61533,50.0,50.0,1,DEM
1201,61533,3800.0,200.0,11,REP
1202,61534,245.0,15.0,15,DEM
1203,61535,700.0,100.0,7,DEM
1204,61535,6750.0,175.0,12,REP
1205,61536,2175.0,75.0,5,DEM
1206,61536,6926.0,250.0,15,REP
1207,61537,710.0,34.0,18,DEM
1208,61537,690.0,50.0,5,REP
1209,61540,1340.0,25.0,7,DEM
1210,61540,28350.0,2550.0,19,REP
1211,61542,244.0,27.0,8,DEM
1212,61542,735.0,25.0,18,REP
1213,61545,425.0,30.0,13,DEM
1214,61545,100.0,25.0,4,REP
1215,61546,457.0,8.0,42,DEM
1216,61546,80.0,40.0,2,REP
1217,61547,729.0,50.0,7,DEM
1218,61547,50.0,25.0,2,REP
1219,61548,3906.0,20.0,88,DEM
1220,61548,45150.0,212.5,140,REP
1221,61550,6695.0,55.0,81,DEM
1222,61550,133375.0,105.0,214,REP
1223,61550,250.0,250.0,1,UNK
1224,61552,100.0,100.0,1,DEM
1225,61554,8194.0,25.0,184,DEM
1226,61554,33043.0,100.0,210,REP
1227,61555,750.0,250.0,3,DEM
1228,61555,400.0,150.0,3,REP
1229,61559,1122.0,28.0,29,DEM
1230,61559,4275.0,150.0,27,REP
1231,61560,492.0,5.0,48,DEM
1232,61561,7380.0,150.0,32,REP
1233,61565,100.0,100.0,1,REP
1234,61568,262.0,25.0,8,DEM
1235,61568,4949.0,40.0,77,REP
1236,61569,6400.0,2700.0,3,REP
1237,61570,500.0,250.0,2,REP
1238,61570,250.0,250.0,1,UNK
1239,61571,9410.0,25.0,100,DEM
1240,61571,29537.0,100.0,119,REP
1241,61572,150.0,50.0,3,DEM
1242,61601,500.0,250.0,2,REP
1243,61602,14699.0,100.0,61,DEM
1244,61602,34750.0,500.0,41,REP
1245,61602,2700.0,2700.0,1,UNK
1246,61603,10151.0,26.0,52,DEM
1247,61603,13870.0,250.0,42,REP
1248,61604,12018.0,20.0,246,DEM
1249,61604,18228.0,125.0,82,REP
1250,61605,235.0,26.0,8,DEM
1251,61605,656.0,35.0,15,REP
1252,61606,16783.0,27.0,248,DEM
1253,61606,38950.0,250.0,84,REP
1254,61607,422.0,27.0,7,DEM
1255,61607,1644.0,100.0,17,REP
1256,61610,127.0,50.0,3,DEM
1257,61610,300.0,150.0,2,REP
1258,61611,6232.0,25.0,147,DEM
1259,61611,56171.0,100.0,168,REP
1260,61612,317.0,75.0,4,DEM
1261,61612,13750.0,300.0,19,REP
1262,61612,250.0,250.0,1,UNK
1263,61614,46683.0,26.0,410,DEM
1264,61614,253463.0,250.0,425,REP
1265,61614,1000.0,500.0,2,UNK
1266,61615,45376.0,59.0,201,DEM
1267,61615,412589.0,250.0,512,REP
1268,61616,2623.0,35.0,38,DEM
1269,61616,57120.0,500.0,59,REP
1270,61629,2500.0,2500.0,1,DEM
1271,61650,10425.0,250.0,38,DEM
1272,61651,1700.0,250.0,6,REP
1273,61701,56030.0,25.0,673,DEM
1274,61701,300.0,300.0,1,IND
1275,61701,36299.0,50.0,139,REP
1276,61701,2850.0,250.0,8,UNK
1277,61702,1200.0,100.0,3,DEM
1278,61702,3357.0,25.0,40,REP
1279,61704,40292.0,27.0,470,DEM
1280,61704,88650.0,100.0,260,REP
1281,61704,8575.0,500.0,16,UNK
1282,61705,8539.0,25.0,153,DEM
1283,61705,20620.0,50.0,165,REP
1284,61705,2425.0,125.0,12,UNK
1285,61707,35.0,35.0,1,DEM
1286,61720,500.0,100.0,5,REP
1287,61723,1015.0,100.0,12,DEM
1288,61723,340.0,25.0,7,REP
1289,61725,1110.0,27.0,35,DEM
1290,61725,4130.0,50.0,27,REP
1291,61726,1000.0,1000.0,1,REP
1292,61727,2067.0,25.0,49,DEM
1293,61727,4080.0,25.0,32,REP
1294,61727,475.0,150.0,3,UNK
1295,61728,500.0,250.0,2,REP
1296,61729,23220.0,2700.0,15,REP
1297,61731,150.0,75.0,2,REP
1298,61732,250.0,250.0,1,DEM
1299,61732,2295.0,37.5,12,REP
1300,61733,750.0,375.0,2,REP
1301,61734,77.0,25.0,3,DEM
1302,61734,3511.0,100.0,27,REP
1303,61736,1305.0,27.0,25,DEM
1304,61738,826.0,10.0,69,DEM
1305,61738,2063.0,50.0,22,REP
1306,61739,385.0,27.5,10,DEM
1307,61739,10498.0,172.5,42,REP
1308,61740,142.0,71.0,2,REP
1309,61742,575.0,75.0,8,DEM
1310,61742,2430.0,100.0,12,REP
1311,61743,80.0,10.0,5,REP
1312,61744,300.0,100.0,3,DEM
1313,61744,7165.0,45.0,25,REP
1314,61744,3600.0,1000.0,3,UNK
1315,61745,1309.0,25.0,29,DEM
1316,61745,1777.0,35.0,39,REP
1317,61745,225.0,75.0,3,UNK
1318,61747,100.0,50.0,2,DEM
1319,61747,10665.0,250.0,28,REP
1320,61748,2066.0,75.0,25,DEM
1321,61748,4425.0,100.0,16,REP
1322,61748,100.0,100.0,1,UNK
1323,61752,5498.0,15.0,9,DEM
1324,61752,400.0,200.0,2,REP
1325,61753,454.0,15.0,23,DEM
1326,61753,1210.0,100.0,11,REP
1327,61754,72.0,25.0,3,DEM
1328,61754,551.0,50.0,11,REP
1329,61755,399.0,50.0,9,DEM
1330,61755,1037.0,60.0,11,REP
1331,61756,20.0,5.0,3,DEM
1332,61759,750.0,50.0,15,DEM
1333,61759,760.0,62.5,10,REP
1334,61760,401.0,53.0,4,REP
1335,61761,25734.0,25.0,508,DEM
1336,61761,19926.0,50.0,181,REP
1337,61761,900.0,150.0,4,UNK
1338,61764,2114.0,25.0,24,DEM
1339,61764,3795.0,50.0,55,REP
1340,61769,899.0,74.5,12,REP
1341,61770,15.0,15.0,1,DEM
1342,61771,250.0,250.0,1,DEM
1343,61772,165.0,10.0,10,REP
1344,61774,250.0,250.0,1,DEM
1345,61774,1300.0,375.0,4,REP
1346,61775,100.0,100.0,1,DEM
1347,61776,1371.0,585.0,3,REP
1348,61801,145199.0,50.0,1141,DEM
1349,61801,1025.0,500.0,3,IND
1350,61801,3356.0,35.0,19,REP
1351,61801,2710.0,480.0,6,UNK
1352,61802,32240.0,35.0,475,DEM
1353,61802,125.0,125.0,1,IND
1354,61802,9670.0,50.0,78,REP
1355,61802,1657.0,250.0,4,UNK
1356,61803,640.0,25.0,10,DEM
1357,61810,500.0,500.0,1,DEM
1358,61813,4302.0,100.0,41,REP
1359,61813,700.0,175.0,4,UNK
1360,61814,480.0,20.0,19,DEM
1361,61814,255.0,255.0,1,REP
1362,61815,40.0,10.0,4,DEM
1363,61816,249.0,249.0,1,REP
1364,61817,85.0,35.0,3,DEM
1365,61817,750.0,250.0,3,REP
1366,61818,65.0,10.0,6,DEM
1367,61820,48723.0,25.0,516,DEM
1368,61820,17490.0,150.0,51,REP
1369,61820,8000.0,375.0,16,UNK
1370,61821,62815.0,27.0,845,DEM
1371,61821,12044.0,100.0,92,REP
1372,61821,20705.0,275.0,42,UNK
1373,61822,53586.0,25.0,738,DEM
1374,61822,39051.0,100.0,124,REP
1375,61822,21070.0,250.0,48,UNK
1376,61824,2050.0,375.0,6,DEM
1377,61824,900.0,100.0,5,REP
1378,61824,850.0,175.0,4,UNK
1379,61825,305.0,100.0,3,DEM
1380,61826,65.0,10.0,7,DEM
1381,61826,1500.0,500.0,3,REP
1382,61832,75325.0,25.0,110,DEM
1383,61832,11062.0,100.0,48,REP
1384,61832,1000.0,1000.0,1,UNK
1385,61833,100.0,25.0,4,DEM
1386,61834,5524.0,50.0,30,DEM
1387,61834,4477.0,210.0,16,REP
1388,61839,500.0,500.0,1,UNK
1389,61840,971.0,15.0,15,DEM
1390,61840,30.0,30.0,1,REP
1391,61841,1590.0,50.0,20,REP
1392,61842,188.0,50.0,3,DEM
1393,61842,1105.0,50.0,13,REP
1394,61842,500.0,500.0,1,UNK
1395,61843,2225.0,50.0,21,REP
1396,61844,350.0,175.0,2,REP
1397,61845,175.0,50.0,3,REP
1398,61846,85.0,42.5,2,DEM
1399,61846,450.0,100.0,5,REP
1400,61847,350.0,100.0,3,REP
1401,61849,417.0,35.0,15,DEM
1402,61849,195.0,35.0,6,REP
1403,61851,1359.0,50.0,26,REP
1404,61853,8962.0,25.0,148,DEM
1405,61853,12335.0,100.0,51,REP
1406,61853,2400.0,275.0,6,UNK
1407,61854,707.0,25.0,22,DEM
1408,61854,225.0,75.0,3,REP
1409,61856,10229.0,25.0,146,DEM
1410,61856,37448.0,80.0,48,REP
1411,61856,8025.0,350.0,21,UNK
1412,61859,1250.0,200.0,7,DEM
1413,61862,751.0,50.0,11,REP
1414,61863,352.0,10.0,8,DEM
1415,61864,1959.0,1959.0,1,UNK
1416,61865,29.0,7.0,3,DEM
1417,61866,1729.0,50.0,26,DEM
1418,61866,2211.0,50.0,17,REP
1419,61866,2000.0,1000.0,2,UNK
1420,61873,833.0,27.0,23,DEM
1421,61873,2521.0,62.5,12,REP
1422,61873,500.0,500.0,1,UNK
1423,61874,6191.0,27.0,110,DEM
1424,61874,1420.0,50.0,14,REP
1425,61874,1900.0,375.0,6,UNK
1426,61875,1350.0,100.0,6,REP
1427,61877,105.0,30.0,3,REP
1428,61878,240.0,50.0,5,REP
1429,61880,17450.0,1350.0,12,REP
1430,61880,750.0,250.0,3,UNK
1431,61883,747.0,10.0,47,DEM
1432,61883,500.0,500.0,1,UNK
1433,61884,790.0,15.0,6,DEM
1434,61884,470.0,25.0,9,REP
1435,61884,250.0,250.0,1,UNK
1436,61910,100.0,50.0,2,REP
1437,61911,670.0,50.0,9,REP
1438,61912,2725.0,100.0,14,DEM
1439,61913,4341.0,73.5,50,REP
1440,61914,99.0,20.0,5,DEM
1441,61917,650.0,50.0,13,DEM
1442,61920,16738.0,25.0,323,DEM
1443,61920,3387.0,75.0,27,REP
1444,61924,987.0,141.0,7,REP
1445,61925,100.0,100.0,1,REP
1446,61925,300.0,300.0,1,UNK
1447,61929,2400.0,100.0,29,DEM
1448,61929,2000.0,100.0,20,REP
1449,61929,600.0,100.0,6,UNK
1450,61931,145.0,42.5,4,REP
1451,61933,50.0,50.0,1,REP
1452,61937,262.0,27.0,7,DEM
1453,61938,2945.0,27.0,45,DEM
1454,61938,5141.0,100.0,43,REP
1455,61938,100.0,100.0,1,UNK
1456,61940,751.0,100.0,6,REP
1457,61942,287.0,14.0,16,DEM
1458,61942,1000.0,1000.0,1,REP
1459,61943,709.0,27.0,16,DEM
1460,61943,511.0,50.0,11,REP
1461,61944,1602.0,5.0,51,DEM
1462,61944,13131.0,25.0,137,REP
1463,61944,650.0,325.0,2,UNK
1464,61951,1228.0,100.0,11,DEM
1465,61951,5050.0,100.0,32,REP
1466,61953,765.0,50.0,11,DEM
1467,61953,927.0,250.0,5,REP
1468,61953,800.0,400.0,2,UNK
1469,61956,908.0,31.5,18,DEM
1470,61956,1000.0,75.0,8,REP
1471,61957,494.0,25.0,18,DEM
1472,61957,225.0,25.0,4,REP
1473,61957,300.0,150.0,2,UNK
1474,62001,2071.0,15.0,43,DEM
1475,62001,145.0,25.0,3,REP
1476,62002,88121.0,25.0,216,DEM
1477,62002,12953.0,50.0,71,REP
1478,62002,3050.0,1000.0,4,UNK
1479,62010,7240.0,25.0,128,DEM
1480,62010,3235.0,50.0,32,REP
1481,62010,900.0,162.5,4,UNK
1482,62012,346.0,27.0,9,DEM
1483,62012,1870.0,62.5,10,REP
1484,62012,450.0,225.0,2,UNK
1485,62013,250.0,50.0,4,REP
1486,62014,250.0,62.5,4,REP
1487,62016,500.0,50.0,10,DEM
1488,62016,21960.0,250.0,68,REP
1489,62016,525.0,112.5,4,UNK
1490,62017,135.0,67.5,2,REP
1491,62018,100.0,100.0,1,DEM
1492,62018,3870.0,50.0,46,REP
1493,62021,5000.0,1000.0,6,DEM
1494,62022,371.0,40.0,10,REP
1495,62022,1485.0,300.5,4,UNK
1496,62024,5336.0,25.0,39,DEM
1497,62024,3219.0,200.0,13,REP
1498,62025,267217.0,27.0,647,DEM
1499,62025,59060.0,200.0,175,REP
1500,62025,5000.0,250.0,7,UNK
1501,62027,860.0,175.0,4,UNK
1502,62028,1066.0,50.0,14,DEM
1503,62028,725.0,100.0,10,REP
1504,62032,108.0,27.0,4,DEM
1505,62033,631.0,11.5,24,DEM
1506,62033,1220.0,250.0,7,REP
1507,62034,33663.0,36.0,246,DEM
1508,62034,13911.0,35.0,90,REP
1509,62034,2950.0,500.0,7,UNK
1510,62035,27979.0,25.0,175,DEM
1511,62035,24910.0,50.0,114,REP
1512,62035,1275.0,100.0,10,UNK
1513,62036,500.0,500.0,1,DEM
1514,62037,500.0,75.0,6,UNK
1515,62040,21516.0,22.0,182,DEM
1516,62040,1610.0,50.0,11,REP
1517,62044,125.0,125.0,1,UNK
1518,62047,600.0,300.0,2,UNK
1519,62048,2750.0,250.0,5,REP
1520,62049,14006.0,88.0,63,DEM
1521,62049,1260.0,127.5,4,UNK
1522,62050,70.0,35.0,2,REP
1523,62052,1371.0,15.0,17,DEM
1524,62052,5082.0,51.5,70,REP
1525,62052,2900.0,200.0,14,UNK
1526,62054,180.0,30.0,6,REP
1527,62056,1357.0,25.0,37,DEM
1528,62056,4456.0,42.0,31,REP
1529,62056,4850.0,400.0,12,UNK
1530,62061,200.0,200.0,1,DEM
1531,62061,550.0,275.0,2,REP
1532,62062,10660.0,10.0,193,DEM
1533,62062,5630.0,200.0,27,REP
1534,62062,200.0,200.0,1,UNK
1535,62063,225.0,50.0,5,DEM
1536,62063,50.0,50.0,1,REP
1537,62063,1025.0,512.5,2,UNK
1538,62067,31275.0,500.0,51,DEM
1539,62067,125.0,125.0,1,UNK
1540,62069,91.0,15.0,5,DEM
1541,62069,425.0,75.0,6,REP
1542,62070,500.0,500.0,1,DEM
1543,62074,757.0,50.0,16,DEM
1544,62075,3090.0,100.0,28,DEM
1545,62075,2980.0,100.0,25,REP
1546,62075,8525.0,200.0,9,UNK
1547,62080,100.0,100.0,1,REP
1548,62081,8891.0,1000.0,7,UNK
1549,62082,250.0,250.0,1,REP
1550,62086,645.0,25.0,12,DEM
1551,62088,1284.0,35.0,30,DEM
1552,62088,215.0,15.0,14,REP
1553,62092,1448.0,25.0,32,DEM
1554,62094,500.0,250.0,2,DEM
1555,62094,50.0,50.0,1,UNK
1556,62095,2072.0,100.0,12,DEM
1557,62095,741.0,26.0,15,REP
1558,62095,85.0,85.0,1,UNK
1559,62097,8914.0,27.0,23,DEM
1560,62097,1300.0,200.0,3,REP
1561,62201,677.0,11.0,12,DEM
1562,62201,6000.0,2000.0,3,REP
1563,62203,225.0,25.0,5,DEM
1564,62203,253.0,75.0,4,REP
1565,62204,2042.0,520.5,4,DEM
1566,62205,618.0,25.0,18,DEM
1567,62205,4200.0,1000.0,3,REP
1568,62206,3727.0,27.0,39,DEM
1569,62206,2426.0,86.0,7,REP
1570,62207,876.0,75.0,7,DEM
1571,62208,27955.0,50.0,144,DEM
1572,62208,10950.0,50.0,166,REP
1573,62216,462.0,31.5,14,DEM
1574,62216,1550.0,250.0,4,REP
1575,62217,450.0,225.0,2,DEM
1576,62217,1500.0,100.0,6,REP
1577,62218,676.0,50.0,11,DEM
1578,62218,250.0,100.0,3,REP
1579,62220,143619.0,100.0,332,DEM
1580,62220,10618.0,100.0,43,REP
1581,62221,48784.0,37.0,201,DEM
1582,62221,23330.0,100.0,67,REP
1583,62222,1000.0,1000.0,1,DEM
1584,62223,136468.0,50.0,393,DEM
1585,62223,13480.0,100.0,77,REP
1586,62225,100.0,50.0,2,DEM
1587,62225,100.0,100.0,1,REP
1588,62226,207448.0,50.0,470,DEM
1589,62226,32029.0,62.5,96,REP
1590,62230,294.0,5.0,38,DEM
1591,62230,7350.0,950.0,8,REP
1592,62231,2495.0,25.0,39,DEM
1593,62231,65110.0,1350.0,36,REP
1594,62231,1000.0,1000.0,1,UNK
1595,62232,6149.0,25.0,26,DEM
1596,62232,3900.0,100.0,25,REP
1597,62233,2237.0,75.0,13,DEM
1598,62233,26029.0,25.0,172,REP
1599,62234,29801.0,30.0,201,DEM
1600,62234,19210.0,200.0,56,REP
1601,62234,2550.0,100.0,7,UNK
1602,62236,24445.0,27.0,101,DEM
1603,62236,37714.0,100.0,104,REP
1604,62236,2500.0,1000.0,3,UNK
1605,62237,850.0,100.0,7,REP
1606,62239,175.0,25.0,6,REP
1607,62240,20.0,20.0,1,REP
1608,62241,5000.0,2500.0,2,DEM
1609,62241,1450.0,175.0,4,REP
1610,62242,100.0,50.0,2,DEM
1611,62242,5647.0,100.0,9,REP
1612,62243,8619.0,37.0,77,DEM
1613,62243,1095.0,35.0,11,REP
1614,62244,1171.0,60.0,17,DEM
1615,62244,450.0,225.0,2,REP
1616,62246,2117.0,25.0,67,DEM
1617,62246,6976.0,325.0,18,REP
1618,62246,4200.0,1000.0,5,UNK
1619,62248,250.0,250.0,1,REP
1620,62249,4065.0,25.0,48,DEM
1621,62249,26199.0,400.0,64,REP
1622,62249,20.0,10.0,2,UNK
1623,62253,250.0,125.0,2,REP
1624,62254,8764.0,27.0,77,DEM
1625,62254,12975.0,100.0,55,REP
1626,62256,1483.0,15.0,76,DEM
1627,62257,229.0,25.0,8,DEM
1628,62258,12300.0,700.0,11,DEM
1629,62258,4170.0,35.0,57,REP
1630,62260,6085.0,60.0,36,DEM
1631,62260,8780.0,100.0,20,REP
1632,62261,250.0,250.0,1,REP
1633,62262,195.0,35.0,6,DEM
1634,62262,700.0,100.0,6,REP
1635,62263,400.0,100.0,3,DEM
1636,62263,30550.0,875.0,28,REP
1637,62263,450.0,225.0,2,UNK
1638,62264,805.0,150.0,5,REP
1639,62265,1915.0,17.5,14,REP
1640,62268,100.0,50.0,2,REP
1641,62269,51897.0,29.0,350,DEM
1642,62269,97310.0,100.0,259,REP
1643,62269,2500.0,1000.0,3,UNK
1644,62271,456.0,25.0,17,DEM
1645,62271,1155.0,50.0,5,REP
1646,62274,155.0,10.0,12,DEM
1647,62274,23911.0,350.0,55,REP
1648,62275,250.0,250.0,1,REP
1649,62278,517.0,250.0,3,DEM
1650,62278,32293.0,275.0,44,REP
1651,62280,600.0,175.0,4,REP
1652,62281,11900.0,100.0,33,DEM
1653,62281,6721.0,50.0,30,REP
1654,62282,750.0,250.0,3,REP
1655,62285,2850.0,27.0,31,DEM
1656,62285,14995.0,100.0,70,REP
1657,62286,656.0,50.0,11,DEM
1658,62286,2085.0,250.0,7,REP
1659,62288,1700.0,250.0,7,REP
1660,62293,3903.0,27.0,12,DEM
1661,62293,5002.0,35.0,47,REP
1662,62294,24365.0,35.0,108,DEM
1663,62294,2296.0,50.0,33,REP
1664,62295,1464.0,42.5,38,DEM
1665,62295,350.0,350.0,1,REP
1666,62298,14718.0,50.0,129,DEM
1667,62298,26875.0,250.0,59,REP
1668,62298,1000.0,500.0,2,UNK
1669,62301,15096.0,30.0,142,DEM
1670,62301,59632.0,200.0,127,REP
1671,62301,100.0,100.0,1,UNK
1672,62305,13588.0,42.0,111,DEM
1673,62305,188282.0,250.0,244,REP
1674,62305,3700.0,1850.0,2,UNK
1675,62306,13665.0,500.0,22,REP
1676,62306,1000.0,500.0,2,UNK
1677,62311,75.0,37.5,2,DEM
1678,62319,140.0,35.0,4,DEM
1679,62320,2600.0,100.0,27,DEM
1680,62320,538.0,25.0,14,REP
1681,62321,956.0,25.0,33,REP
1682,62324,650.0,50.0,9,REP
1683,62326,2607.0,35.0,39,REP
1684,62330,250.0,250.0,1,DEM
1685,62330,1513.0,100.0,15,REP
1686,62334,470.0,110.0,4,REP
1687,62340,700.0,175.0,4,REP
1688,62341,335.0,100.0,5,DEM
1689,62341,1495.0,50.0,25,REP
1690,62343,1550.0,250.0,5,REP
1691,62347,4140.0,40.0,22,REP
1692,62347,750.0,375.0,2,UNK
1693,62349,40.0,40.0,1,DEM
1694,62349,50.0,25.0,2,REP
1695,62351,55.0,14.5,4,DEM
1696,62351,190.0,25.0,5,REP
1697,62353,500.0,250.0,2,DEM
1698,62353,6470.0,250.0,11,REP
1699,62354,23646.0,50.0,22,REP
1700,62356,500.0,250.0,2,REP
1701,62358,1150.0,200.0,6,DEM
1702,62359,600.0,150.0,4,REP
1703,62360,1000.0,50.0,9,REP
1704,62363,325.0,162.5,2,DEM
1705,62363,3646.0,52.0,31,REP
1706,62365,950.0,50.0,6,REP
1707,62366,10.0,10.0,1,DEM
1708,62367,150.0,150.0,1,REP
1709,62370,500.0,250.0,2,REP
1710,62374,150.0,75.0,2,DEM
1711,62376,302.0,50.0,7,DEM
1712,62376,200.0,200.0,1,REP
1713,62379,200.0,100.0,2,DEM
1714,62401,7119.0,25.0,124,DEM
1715,62401,32041.0,150.0,65,REP
1716,62401,3700.0,125.0,12,UNK
1717,62411,52.0,15.0,3,DEM
1718,62411,200.0,200.0,1,REP
1719,62411,800.0,400.0,2,UNK
1720,62414,1035.0,100.0,7,REP
1721,62417,225.0,112.5,2,DEM
1722,62418,500.0,250.0,2,REP
1723,62420,1550.0,75.0,12,REP
1724,62424,500.0,250.0,2,DEM
1725,62424,400.0,100.0,4,REP
1726,62426,25.0,25.0,1,DEM
1727,62426,850.0,50.0,9,REP
1728,62427,75.0,37.5,2,REP
1729,62428,1051.0,50.0,17,DEM
1730,62428,413.0,35.0,8,REP
1731,62431,100.0,100.0,1,REP
1732,62433,50.0,25.0,2,DEM
1733,62439,485.0,25.0,11,DEM
1734,62439,933.0,100.0,7,REP
1735,62440,2785.0,250.0,3,REP
1736,62441,831.0,27.0,21,DEM
1737,62441,4086.0,250.0,9,REP
1738,62442,200.0,100.0,2,DEM
1739,62442,2150.0,100.0,16,REP
1740,62443,180.0,25.0,5,REP
1741,62444,49.0,49.0,1,DEM
1742,62444,400.0,50.0,6,REP
1743,62447,77.0,3.0,12,DEM
1744,62447,600.0,25.0,10,REP
1745,62448,1400.0,250.0,6,REP
1746,62449,15.0,15.0,1,DEM
1747,62449,375.0,25.0,9,REP
1748,62450,3499.0,25.0,63,DEM
1749,62450,4621.0,100.0,32,REP
1750,62451,653.0,326.5,2,REP
1751,62452,950.0,250.0,4,DEM
1752,62454,3608.0,31.5,40,DEM
1753,62454,8234.0,100.0,39,REP
1754,62458,50.0,50.0,1,REP
1755,62461,170.0,8.0,18,DEM
1756,62462,350.0,100.0,4,REP
1757,62463,375.0,100.0,3,REP
1758,62464,250.0,250.0,1,REP
1759,62467,750.0,250.0,3,DEM
1760,62467,5589.0,100.0,31,REP
1761,62468,195.0,12.5,10,DEM
1762,62468,845.0,100.0,10,REP
1763,62471,335.0,22.5,14,DEM
1764,62471,1120.0,150.0,6,REP
1765,62476,400.0,200.0,2,REP
1766,62477,125.0,62.5,2,REP
1767,62478,175.0,50.0,3,REP
1768,62479,200.0,100.0,2,REP
1769,62501,800.0,250.0,4,DEM
1770,62501,450.0,100.0,3,REP
1771,62501,425.0,75.0,4,UNK
1772,62510,500.0,500.0,1,DEM
1773,62510,50.0,50.0,1,REP
1774,62510,550.0,275.0,2,UNK
1775,62513,522.0,132.5,4,DEM
1776,62513,700.0,200.0,4,REP
1777,62513,1400.0,200.0,7,UNK
1778,62515,139.0,10.0,10,DEM
1779,62515,200.0,100.0,2,REP
1780,62517,500.0,500.0,1,DEM
1781,62518,131.0,50.0,3,DEM
1782,62521,8175.0,38.0,129,DEM
1783,62521,18493.0,54.5,132,REP
1784,62521,22020.0,250.0,58,UNK
1785,62522,6799.0,20.0,132,DEM
1786,62522,2625.0,300.0,9,REP
1787,62522,200.0,200.0,1,UNK
1788,62523,500.0,500.0,1,DEM
1789,62524,300.0,25.0,11,DEM
1790,62524,500.0,500.0,1,REP
1791,62525,1308.0,76.0,13,REP
1792,62525,500.0,150.0,3,UNK
1793,62526,5617.0,10.0,100,DEM
1794,62526,37388.0,100.0,129,REP
1795,62526,6350.0,250.0,20,UNK
1796,62530,300.0,300.0,1,DEM
1797,62530,1116.0,25.0,11,REP
1798,62530,500.0,500.0,1,UNK
1799,62531,250.0,125.0,2,REP
1800,62531,850.0,100.0,5,UNK
1801,62533,375.0,187.5,2,REP
1802,62534,300.0,100.0,3,DEM
1803,62534,150.0,25.0,7,REP
1804,62535,3351.0,10.0,41,DEM
1805,62535,12186.0,35.0,93,REP
1806,62535,14049.0,500.0,18,UNK
1807,62536,700.0,175.0,4,DEM
1808,62536,610.0,30.0,6,REP
1809,62536,1300.0,200.0,5,UNK
1810,62538,250.0,250.0,1,DEM
1811,62539,1683.0,100.0,18,DEM
1812,62539,500.0,500.0,1,REP
1813,62540,513.0,100.0,7,DEM
1814,62543,150.0,150.0,1,REP
1815,62544,195.0,37.5,6,DEM
1816,62544,235.0,100.0,3,REP
1817,62544,350.0,175.0,2,UNK
1818,62545,540.0,50.0,15,DEM
1819,62545,1000.0,1000.0,1,REP
1820,62546,200.0,50.0,4,DEM
1821,62546,1143.0,281.0,4,REP
1822,62546,350.0,100.0,4,UNK
1823,62547,55.0,15.0,4,DEM
1824,62547,100.0,100.0,1,UNK
1825,62548,1250.0,100.0,11,REP
1826,62549,3657.0,37.5,12,DEM
1827,62549,4929.0,250.0,21,REP
1828,62549,5550.0,500.0,9,UNK
1829,62550,225.0,50.0,5,DEM
1830,62550,1535.0,100.0,10,REP
1831,62551,436.0,35.0,10,REP
1832,62553,500.0,500.0,1,DEM
1833,62555,150.0,25.0,6,REP
1834,62555,500.0,500.0,1,UNK
1835,62556,50.0,50.0,1,DEM
1836,62557,240.0,5.0,10,DEM
1837,62557,117.0,25.0,6,REP
1838,62557,10100.0,150.0,23,UNK
1839,62558,1045.0,37.5,16,DEM
1840,62558,75.0,37.5,2,REP
1841,62558,250.0,250.0,1,UNK
1842,62560,2140.0,25.0,31,REP
1843,62560,3150.0,500.0,6,UNK
1844,62561,770.0,65.0,12,DEM
1845,62561,500.0,250.0,2,REP
1846,62561,200.0,100.0,2,UNK
1847,62563,2420.0,10.0,40,DEM
1848,62563,1790.0,35.0,21,REP
1849,62563,1500.0,250.0,5,UNK
1850,62565,3800.0,30.0,58,DEM
1851,62565,710.0,65.0,6,REP
1852,62567,2339.0,50.0,20,DEM
1853,62567,1375.0,100.0,10,REP
1854,62567,950.0,250.0,5,UNK
1855,62568,1663.0,25.0,35,DEM
1856,62568,8000.0,100.0,54,REP
1857,62568,32106.0,250.0,83,UNK
1858,62570,50.0,50.0,1,DEM
1859,62571,2762.0,19.0,147,DEM
1860,62572,325.0,100.0,3,REP
1861,62612,250.0,250.0,1,REP
1862,62613,588.0,35.0,17,DEM
1863,62613,803.0,50.0,14,REP
1864,62615,2482.0,100.0,21,DEM
1865,62615,2630.0,250.0,14,REP
1866,62617,34.0,5.0,6,DEM
1867,62618,216.0,10.0,14,DEM
1868,62618,7120.0,200.0,17,REP
1869,62624,75.0,37.5,2,DEM
1870,62624,30.0,30.0,1,REP
1871,62625,54.0,27.0,2,DEM
1872,62625,3500.0,500.0,6,REP
1873,62625,7100.0,1500.0,4,UNK
1874,62626,4948.0,27.0,109,DEM
1875,62626,1370.0,85.0,8,REP
1876,62626,250.0,250.0,1,UNK
1877,62627,2000.0,1000.0,2,REP
1878,62628,385.0,3.0,37,DEM
1879,62629,6721.0,20.0,119,DEM
1880,62629,9964.0,25.0,136,REP
1881,62629,250.0,250.0,1,UNK
1882,62630,1005.0,80.0,6,DEM
1883,62631,380.0,80.0,3,REP
1884,62634,81.0,27.0,3,DEM
1885,62634,2185.0,250.0,12,REP
1886,62640,2389.0,50.0,27,DEM
1887,62640,1263.0,50.0,19,REP
1888,62642,172.0,17.5,8,DEM
1889,62644,677.0,12.5,22,DEM
1890,62644,300.0,75.0,4,REP
1891,62650,4571.0,25.0,110,DEM
1892,62650,81093.0,200.0,146,REP
1893,62650,11450.0,300.0,9,UNK
1894,62651,631.0,35.0,17,DEM
1895,62651,800.0,400.0,2,REP
1896,62656,2551.0,25.0,64,DEM
1897,62656,11662.0,100.0,99,REP
1898,62664,2100.0,68.0,25,REP
1899,62665,105.0,35.0,3,DEM
1900,62666,1000.0,200.0,6,REP
1901,62667,625.0,42.5,12,REP
1902,62668,75.0,25.0,3,DEM
1903,62668,39.0,19.5,2,REP
1904,62670,807.0,5.0,122,DEM
1905,62670,1600.0,250.0,5,REP
1906,62670,1250.0,625.0,2,UNK
1907,62671,2000.0,1000.0,2,REP
1908,62674,350.0,175.0,2,REP
1909,62675,5244.0,25.0,107,DEM
1910,62675,2065.0,75.0,22,REP
1911,62677,1498.0,27.0,21,DEM
1912,62677,4965.0,100.0,30,REP
1913,62681,2525.0,100.0,20,DEM
1914,62681,631.0,35.0,17,REP
1915,62682,75.0,75.0,1,DEM
1916,62682,560.0,50.0,12,REP
1917,62684,4314.0,25.0,89,DEM
1918,62684,6135.0,51.5,28,REP
1919,62685,125.0,25.0,5,DEM
1920,62688,392.0,29.0,14,DEM
1921,62688,600.0,50.0,10,REP
1922,62689,350.0,175.0,2,UNK
1923,62690,776.0,25.0,33,DEM
1924,62690,885.0,45.0,14,REP
1925,62690,305.0,30.0,3,UNK
1926,62691,1205.0,10.0,73,DEM
1927,62691,2400.0,250.0,9,REP
1928,62692,28.0,28.0,1,REP
1929,62693,240.0,30.0,8,REP
1930,62694,80.0,40.0,2,DEM
1931,62694,700.0,25.0,10,REP
1932,62701,3109.0,25.0,48,DEM
1933,62701,6449.0,100.0,21,REP
1934,62701,2400.0,400.0,4,UNK
1935,62702,35828.0,28.0,331,DEM
1936,62702,28657.0,50.0,137,REP
1937,62702,19310.0,500.0,26,UNK
1938,62703,13238.0,25.0,255,DEM
1939,62703,1895.0,25.0,24,REP
1940,62703,2550.0,175.0,6,UNK
1941,62704,166795.0,50.0,1238,DEM
1942,62704,350.0,175.0,2,IND
1943,62704,79810.0,250.0,234,REP
1944,62704,35800.0,500.0,40,UNK
1945,62705,1678.0,500.0,3,DEM
1946,62705,2000.0,100.0,14,REP
1947,62707,11585.0,15.0,141,DEM
1948,62707,4197.0,25.0,31,REP
1949,62707,750.0,375.0,2,UNK
1950,62708,525.0,262.5,2,DEM
1951,62711,47057.0,71.0,293,DEM
1952,62711,53672.0,100.0,251,REP
1953,62711,15577.0,500.0,22,UNK
1954,62712,24658.0,50.0,217,DEM
1955,62712,16640.0,100.0,83,REP
1956,62712,10302.0,500.0,11,UNK
1957,62781,500.0,500.0,1,UNK
1958,62791,332.0,10.0,18,DEM
1959,62791,24900.0,2300.0,10,REP
1960,62801,2823.0,25.0,57,DEM
1961,62801,11297.0,100.0,36,REP
1962,62803,277.0,30.0,9,DEM
1963,62803,250.0,250.0,1,REP
1964,62806,285.0,35.0,9,DEM
1965,62806,476.0,50.0,9,REP
1966,62807,300.0,300.0,1,REP
1967,62809,300.0,300.0,1,REP
1968,62810,250.0,250.0,1,REP
1969,62812,4899.0,25.0,30,DEM
1970,62812,6780.0,100.0,40,REP
1971,62815,50.0,50.0,1,REP
1972,62816,650.0,250.0,3,REP
1973,62817,9650.0,650.0,12,REP
1974,62819,341.0,27.0,13,DEM
1975,62821,1150.0,100.0,7,DEM
1976,62821,3980.0,50.0,16,REP
1977,62822,300.0,100.0,3,DEM
1978,62822,400.0,200.0,2,REP
1979,62823,224.0,19.0,3,DEM
1980,62824,200.0,100.0,2,REP
1981,62827,120.0,20.0,6,REP
1982,62828,505.0,26.0,14,DEM
1983,62828,6521.0,35.0,48,REP
1984,62830,50.0,25.0,2,DEM
1985,62832,3075.0,50.0,13,DEM
1986,62832,5293.0,100.0,28,REP
1987,62836,150.0,75.0,2,DEM
1988,62836,303.0,50.0,3,REP
1989,62837,543.0,27.0,19,DEM
1990,62837,3527.0,100.0,23,REP
1991,62838,40.0,20.0,2,DEM
1992,62839,2525.0,100.0,28,DEM
1993,62839,735.0,60.0,8,REP
1994,62844,70.0,35.0,2,DEM
1995,62848,300.0,150.0,2,REP
1996,62849,987.0,90.0,13,REP
1997,62851,5400.0,2700.0,2,REP
1998,62851,2000.0,2000.0,1,UNK
1999,62853,100.0,100.0,1,DEM
2000,62854,205.0,35.0,5,DEM
2001,62856,100.0,100.0,1,DEM
2002,62858,100.0,100.0,1,DEM
2003,62858,406.0,50.0,6,REP
2004,62859,3200.0,50.0,15,DEM
2005,62859,5330.0,400.0,11,REP
2006,62863,678.0,10.0,52,DEM
2007,62863,4250.0,50.0,43,REP
2008,62864,9400.0,25.0,134,DEM
2009,62864,82870.0,250.0,138,REP
2010,62864,3700.0,1850.0,2,UNK
2011,62865,100.0,100.0,1,DEM
2012,62865,850.0,250.0,3,REP
2013,62868,2969.0,27.0,75,DEM
2014,62868,253.0,50.0,6,REP
2015,62870,60.0,20.0,3,DEM
2016,62870,155.0,25.0,5,REP
2017,62875,805.0,50.0,11,REP
2018,62876,635.0,30.0,19,DEM
2019,62877,3750.0,475.0,4,REP
2020,62878,225.0,50.0,3,REP
2021,62881,2969.0,25.0,126,DEM
2022,62881,4305.0,50.0,21,REP
2023,62884,235.0,37.0,6,DEM
2024,62884,1300.0,350.0,4,REP
2025,62885,200.0,200.0,1,DEM
2026,62890,260.0,35.0,8,DEM
2027,62890,24618.0,275.0,36,REP
2028,62895,37.0,37.0,1,DEM
2029,62895,1000.0,250.0,4,REP
2030,62896,3853.0,19.0,135,DEM
2031,62896,98891.0,250.0,76,REP
2032,62897,1600.0,250.0,6,REP
2033,62898,98.0,38.0,3,DEM
2034,62898,250.0,35.0,7,REP
2035,62899,75.0,37.5,2,DEM
2036,62899,1260.0,50.0,5,REP
2037,62901,30270.0,30.0,483,DEM
2038,62901,36040.0,200.0,85,REP
2039,62902,14837.0,27.0,204,DEM
2040,62902,12885.0,200.0,38,REP
2041,62903,6465.0,50.0,72,DEM
2042,62903,9450.0,150.0,30,REP
2043,62905,503.0,40.0,13,DEM
2044,62905,250.0,250.0,1,REP
2045,62906,5282.0,67.0,65,DEM
2046,62906,14631.0,100.0,49,REP
2047,62907,115.0,35.0,4,DEM
2048,62907,5600.0,300.0,10,REP
2049,62908,715.0,100.0,4,DEM
2050,62910,215.0,25.0,11,DEM
2051,62912,2000.0,1000.0,2,REP
2052,62914,303.0,25.0,18,DEM
2053,62914,200.0,200.0,1,REP
2054,62915,2225.0,50.0,7,REP
2055,62916,50.0,50.0,1,DEM
2056,62916,4200.0,1000.0,3,REP
2057,62917,266.0,25.0,11,DEM
2058,62917,1255.0,25.0,22,REP
2059,62918,10410.0,25.0,110,DEM
2060,62918,7625.0,142.5,28,REP
2061,62920,700.0,350.0,2,DEM
2062,62920,18030.0,100.0,43,REP
2063,62922,260.0,15.0,10,DEM
2064,62923,5486.0,50.0,53,DEM
2065,62924,5454.0,50.0,88,REP
2066,62930,917.0,25.0,8,DEM
2067,62930,7050.0,300.0,18,REP
2068,62932,500.0,250.0,2,REP
2069,62933,316.0,15.0,14,DEM
2070,62935,26750.0,1300.0,15,REP
2071,62938,3225.0,150.0,18,REP
2072,62939,1246.0,16.5,40,DEM
2073,62939,250.0,250.0,1,REP
2074,62940,35.0,35.0,1,REP
2075,62942,820.0,50.0,8,REP
2076,62943,300.0,50.0,6,REP
2077,62946,4081.0,15.0,60,DEM
2078,62946,45775.0,250.0,37,REP
2079,62947,600.0,100.0,7,REP
2080,62948,3004.0,15.0,139,DEM
2081,62948,6874.0,22.5,26,REP
2082,62950,1050.0,100.0,5,REP
2083,62951,407.0,27.0,13,DEM
2084,62951,5960.0,300.0,21,REP
2085,62952,625.0,50.0,9,DEM
2086,62952,8900.0,500.0,17,REP
2087,62954,5000.0,1000.0,5,DEM
2088,62957,25.0,25.0,1,DEM
2089,62957,500.0,500.0,1,REP
2090,62958,6235.0,100.0,70,DEM
2091,62958,20995.0,300.0,23,REP
2092,62959,32510.0,25.0,223,DEM
2093,62959,137150.0,300.0,163,REP
2094,62960,1599.0,19.0,80,DEM
2095,62960,3204.0,25.0,60,REP
2096,62962,650.0,50.0,8,REP
2097,62964,564.0,22.5,28,DEM
2098,62964,408.0,25.0,10,REP
2099,62966,4406.0,25.0,84,DEM
2100,62966,59265.0,250.0,136,REP
2101,62967,300.0,100.0,3,DEM
2102,62967,1000.0,250.0,4,REP
2103,62969,627.0,50.0,9,DEM
2104,62969,196.0,56.0,3,REP
2105,62970,251.0,63.0,4,REP
2106,62972,901.0,50.0,20,DEM
2107,62972,70.0,35.0,2,REP
2108,62974,325.0,11.0,14,DEM
2109,62975,150.0,25.0,3,DEM
2110,62975,2265.0,465.0,7,REP
2111,62976,338.0,50.0,7,REP
2112,62977,495.0,35.0,18,DEM
2113,62977,17300.0,1200.0,10,REP
2114,62979,50.0,50.0,1,DEM
2115,62979,400.0,200.0,2,REP
2116,62982,4180.0,100.0,52,REP
2117,62983,100.0,100.0,1,REP
2118,62984,800.0,300.0,3,DEM
2119,62984,1000.0,1000.0,1,REP
2120,62985,50.0,25.0,2,DEM
2121,62985,2380.0,25.0,14,REP
2122,62987,111.0,37.0,3,DEM
2123,62987,400.0,200.0,2,REP
2124,62990,1000.0,1000.0,1,REP
2125,62992,1250.0,625.0,2,REP
2126,62994,730.0,100.0,4,REP
2127,62995,3046.0,25.0,24,DEM
2128,62995,2319.0,50.0,24,REP
2129,62998,350.0,100.0,3,REP
2130,62999,530.0,250.0,3,REP
